{
  "ANW": "Ainsworth",
  "ANU": "Antigua",
  "ANR": "Antwerp",
  "ANP": "Annapolis",
  "ANI": "Aniak",
  "ANK": "Ankara",
  "ANG": "Angouleme",
  "ANF": "Antofagasta",
  "ANE": "Angers",
  "AND": "Anderson",
  "ANC": "Anchorage",
  "ANB": "Anniston",
  "ANA": "Anaheim",
  "AMW": "Ames",
  "AMV": "Amderma Airport",
  "AMS": "Amsterdam",
  "AMQ": "Ambon",
  "AMM": "Amman",
  "AMI": "Mataram",
  "AMD": "Ahmedabad",
  "AMA": "Amarillo",
  "ALY": "Alexandria",
  "ALX": "Alexander City",
  "ALW": "Walla Walla",
  "ALS": "Alamosa",
  "ALR": "Alexandra",
  "ALP": "Aleppo",
  "ALO": "Waterloo",
  "ALM": "Alamogordo",
  "ALL": "Albenga",
  "ALJ": "Alexander Bay",
  "ALH": "Albany",
  "ALG": "Algiers",
  "ALF": "Alta",
  "ALE": "Alpine",
  "ALC": "Alicante",
  "ALB": "Albany",
  "ALA": "Almaty",
  "AKX": "Aqtobe",
  "AKV": "Akulivik",
  "AKU": "Aksu",
  "AKN": "King Salmon",
  "AKL": "Auckland",
  "AKJ": "Asahikawa",
  "AJU": "Aracaju",
  "AJR": "Arvidsjaur",
  "AJI": "Agri",
  "AJF": "Al Jouf",
  "AJA": "Ajaccio",
  "AIZ": "Lake Of The Ozarks",
  "AIY": "Atlantic City",
  "AIT": "Aitutaki",
  "AIN": "Wainwright",
  "AIK": "Aiken",
  "AID": "Anderson",
  "AIA": "Alliance",
  "AHU": "Al Hoceima",
  "AHO": "Alghero",
  "AHN": "Athens",
  "AHI": "Amahai",
  "AHB": "Abha",
  "AGU": "Aguascalientes",
  "AGT": "Ciudad Del Este",
  "AGS": "Augusta",
  "AGR": "Agra",
  "AGQ": "Agrinion",
  "AGP": "Malaga",
  "AGO": "Magnolia",
  "AGN": "Angoon",
  "AGH": "Angelholm",
  "AGF": "Agen",
  "AGE": "Wangerooge",
  "AGB": "Augsburg",
  "AGA": "Agadir",
  "AFY": "Afyon Arpt",
  "AFL": "Alta Floresta",
  "AFK": "Ampara",
  "AFA": "San Rafael",
  "AEY": "Akureyri",
  "AEX": "Alexandria",
  "AES": "Aalesund",
  "AER": "Adler Sochi",
  "AEL": "Albert Lea",
  "AEI": "Algeciras",
  "ADZ": "San Andres",
  "ADX": "St Andrews",
  "ADW": "Camp Springs",
  "ADU": "Ardabil",
  "ADT": "Ada OK",
  "ADQ": "Kodiak",
  "ADM": "Ardmore",
  "ADL": "Adelaide",
  "ADK": "Adak Island",
  "ADH": "Aldan Airport",
  "ADG": "Adrian",
  "ADF": "Adiyaman",
  "ADE": "Aden",
  "ADD": "Addis Ababa",
  "ADA": "Adana",
  "ACX": "Xingyi",
  "ACV": "Eureka",
  "ACT": "Waco",
  "ACS": "Achinsk Airport",
  "ACO": "Ascona",
  "ACK": "Nantucket",
  "ACI": "Alderney",
  "ACH": "Altenrhein",
  "ACE": "Lanzarote",
  "ACC": "Accra",
  "ACA": "Acapulco",
  "ABZ": "Aberdeen",
  "ABY": "Albany",
  "ABX": "Albury",
  "ABV": "Abuja",
  "ABT": "Al Baha",
  "ABS": "Abu Simbel",
  "ABR": "Aberdeen",
  "ABQ": "Albuquerque",
  "ABM": "Bamaga",
  "ABL": "Ambler",
  "ABI": "Abilene",
  "ABE": "Allentown",
  "ABD": "Abadan",
  "ABC": "Albacete",
  "ABA": "Abakan",
  "AAY": "Al Ghaydah",
  "AAT": "Altay",
  "AAR": "Aarhus",
  "AAQ": "Anapa",
  "AAN": "Al Ain",
  "AAM": "Mala Mala",
  "AAL": "Aalborg",
  "AAH": "Aachen",
  "AAG": "Arapoti",
  "AAF": "Apalachicola",
  "AAE": "Annaba",
  "ANX": "Andenes",
  "AOC": "Altenburg",
  "AOE": "Eskisehir",
  "AOH": "Lima",
  "AOI": "Ancona",
  "AOJ": "Aomori",
  "AOK": "Karpathos",
  "AOL": "Paso De Los Libres",
  "AOO": "Altoona",
  "AOR": "Alor Setar",
  "AOT": "Aosta",
  "APC": "Napa",
  "APF": "Naples",
  "APL": "Nampula",
  "APN": "Alpena",
  "APO": "Apartado",
  "APS": "Anapolis",
  "APW": "Apia",
  "AQA": "Araraquara",
  "AQG": "Anqing",
  "AQI": "Qaisumah",
  "AQJ": "Aqaba",
  "AQP": "Arequipa",
  "ARB": "Ann Arbor",
  "ARH": "Arkhangelsk",
  "ARI": "Arica",
  "ARK": "Arusha",
  "ARM": "Armidale",
  "ART": "Watertown",
  "ARU": "Aracatuba",
  "ARV": "Minocqua",
  "ARW": "Arad",
  "ARY": "Ararat",
  "ASB": "Ashgabat",
  "ASD": "Andros Town",
  "ASE": "Aspen",
  "ASF": "Astrakhan",
  "ASH": "Nashua",
  "ASJ": "Amami O Shima",
  "ASK": "Yamoussouro",
  "ASL": "Marshall",
  "ASM": "Asmara",
  "ASN": "Talladega",
  "ASP": "Alice Springs",
  "ASR": "Kayseri",
  "AST": "Astoria",
  "ASU": "Asuncion",
  "ASW": "Aswan",
  "ATC": "Arthurs Town",
  "ATH": "Athens",
  "ATI": "Artigas",
  "ATL": "Atlanta",
  "ATM": "Altamira",
  "ATO": "Athens",
  "ATQ": "Amritsar",
  "ATR": "Atar",
  "ATW": "Appleton",
  "ATY": "Watertown",
  "AUA": "Aruba",
  "AUG": "Augusta",
  "AUH": "Abu Dhabi",
  "AUO": "Auburn",
  "AUQ": "Atuona",
  "AUR": "Aurillac",
  "AUS": "Austin",
  "AUU": "Aurukun Mission",
  "AUW": "Wausau",
  "AUX": "Araguaina",
  "AUZ": "Aurora",
  "AVI": "Ciego De Avila",
  "AVL": "Asheville",
  "AVN": "Avignon",
  "AVP": "Scranton",
  "AVX": "Catalina Island",
  "AXA": "Anguilla",
  "AXD": "Alexandroupolis",
  "AXM": "Armenia",
  "AXT": "Akita",
  "AXV": "Wapakoneta",
  "AYP": "Ayacucho",
  "AYQ": "Ayers Rock",
  "AYR": "Ayr Au",
  "AYS": "Waycross",
  "AYT": "Antalya",
  "AZD": "Yazd",
  "AZG": "Apatzingan",
  "AZN": "Andizhan",
  "AZO": "Kalamazoo",
  "AZS": "Samana",
  "BAG": "Baguio",
  "BAH": "Muharraq",
  "BAK": "Baku",
  "BAL": "Batman",
  "BAO": "Ban Mak Khaen",
  "BAQ": "Barranquilla",
  "BAS": "Balalae",
  "BAT": "Barretos",
  "BAU": "Bauru",
  "BAV": "Baotou",
  "BAX": "Barnaul",
  "BAY": "Baia Mare",
  "BBA": "Balmaceda",
  "BBH": "Barth",
  "BBI": "Bhubaneswar",
  "BBJ": "Bitburg",
  "BBK": "Kasane",
  "BBN": "Bario",
  "BBR": "Basse Terre",
  "BBW": "Broken Bow",
  "BCB": "Blacksburg",
  "BCD": "Bacolod",
  "BCE": "Bryce",
  "BCH": "Baucau",
  "BCI": "Barcaldine",
  "BCM": "Bacau",
  "BCN": "Barcelona",
  "BDA": "Bermuda",
  "BDB": "Bundaberg",
  "BDD": "Badu Island",
  "BDJ": "Banjarmasin",
  "BDM": "Bandirma Arpt",
  "BDO": "Bandung",
  "BDQ": "Vadodara",
  "BDR": "Bridgeport",
  "BDS": "Brindisi",
  "BDU": "Bardufoss",
  "BEB": "Benbecula",
  "BED": "Bedford",
  "BEG": "Belgrade",
  "BEH": "Benton Harbor",
  "BEL": "Belem",
  "BEN": "Benghazi",
  "BEQ": "Bury St Edmunds",
  "BER": "Berlin",
  "BES": "Brest",
  "BET": "Bethel",
  "BEU": "Bedourie",
  "BEW": "Beira",
  "BEY": "Beirut",
  "BEZ": "Beru",
  "BFD": "Bradford",
  "BFE": "Bielefeld",
  "BFF": "Scottsbluff",
  "BFG": "Bullfrog Basin",
  "BFJ": "Ba City",
  "BFL": "Bakersfield",
  "BFN": "Bloemfontein",
  "BFP": "Beaver Falls",
  "BFR": "Bedford",
  "BFS": "Belfast",
  "BFT": "Beaufort",
  "BFV": "Buri Ram",
  "BGA": "Bucaramanga",
  "BGC": "Braganca",
  "BGF": "Bangui",
  "BGI": "Bridgetown",
  "BGM": "Binghamton",
  "BGO": "Bergen",
  "BGR": "Bangor",
  "BGV": "Bento Goncalves",
  "BGW": "Baghdad",
  "BGY": "Bergamo",
  "BHB": "Bar Harbor",
  "BHE": "Blenheim",
  "BHI": "Bahia Blanca",
  "BHJ": "Bhuj",
  "BHK": "Bukhara",
  "BHL": "Bahia De Los Angeles",
  "BHM": "Birmingham",
  "BHO": "Bhopal",
  "BHQ": "Broken Hill",
  "BHS": "Bathurst",
  "BHU": "Bhavnagar",
  "BHV": "Bahawalpur",
  "BHX": "Birmingham",
  "BHY": "Beihai",
  "BHZ": "Belo Horizonte",
  "BIA": "Bastia",
  "BID": "Block Island",
  "BIH": "Bishop",
  "BII": "Bikini Atoll",
  "BIK": "Biak",
  "BIL": "Billings",
  "BIM": "Bimini",
  "BIO": "Bilbao",
  "BIQ": "Biarritz",
  "BIS": "Bismarck",
  "BIY": "Bisho",
  "BJA": "Bejaia",
  "BJC": "Broomfield",
  "BJF": "Batsfjord",
  "BJI": "Bemidji",
  "BJL": "Banjul",
  "BJM": "Bujumbura",
  "BJR": "Bahar Dar",
  "BJS": "Beijing",
  "BJX": "Leon",
  "BJZ": "Badajoz",
  "BKB": "Bikaner",
  "BKG": "Branson",
  "BKI": "Kota Kinabalu",
  "BKK": "Bangkok",
  "BKM": "Bakalalan",
  "BKO": "Bamako",
  "BKQ": "Blackall",
  "BKS": "Bengkulu",
  "BKW": "Beckley",
  "BKX": "Brookings",
  "BLA": "Barcelona",
  "BLE": "Borlange",
  "BLF": "Bluefield",
  "BLG": "Belaga",
  "BLH": "Blythe",
  "BLI": "Bellingham",
  "BLJ": "Batna",
  "BLK": "Blackpool",
  "BLL": "Billund",
  "BLQ": "Bologna",
  "BLR": "Bangalore",
  "BLT": "Blackwater",
  "BLV": "Belleville",
  "BLX": "Belluno",
  "BLZ": "Blantyre",
  "BME": "Broome",
  "BMG": "Bloomington",
  "BMI": "Bloomington",
  "BMP": "Brampton Island",
  "BMV": "Banmethuot",
  "BNA": "Nashville",
  "BND": "Bandar Abbas",
  "BNE": "Brisbane",
  "BNJ": "Bonn",
  "BNK": "Ballina",
  "BNN": "Bronnoysund",
  "BNO": "Burns",
  "BNU": "Blumenau",
  "BNX": "Banja Luka",
  "BOB": "Bora Bora",
  "BOC": "Bocas Del Toro",
  "BOD": "Bordeaux",
  "BOG": "Bogota",
  "BOH": "Bournemouth",
  "BOI": "Boise",
  "BOJ": "Bourgas",
  "BOK": "Brookings",
  "BOM": "Mumbai",
  "BON": "Bonaire",
  "BOO": "Bodo",
  "BOS": "Boston",
  "BOU": "Bourges",
  "BOW": "Bartow",
  "BOX": "Borroloola",
  "BOY": "Bobo Dioulasso",
  "BPN": "Balikpapan",
  "BPS": "Porto Seguro",
  "BPT": "Beaumont",
  "BQB": "Busselton",
  "BQK": "Brunswick",
  "BQL": "Boulia",
  "BQN": "Aguadilla",
  "BQS": "Blagoveshchensk",
  "BQT": "Brest",
  "BRA": "Barreiras",
  "BRC": "San Carlos Bariloche",
  "BRD": "Brainerd",
  "BRE": "Bremen",
  "BRF": "Bradford",
  "BRI": "Bari",
  "BRK": "Bourke",
  "BRL": "Burlington",
  "BRM": "Barquisimeto",
  "BRN": "Berne",
  "BRO": "Brownsville",
  "BRQ": "Brno",
  "BRR": "Barra",
  "BRS": "Bristol",
  "BRT": "Bathurst Isl",
  "BRU": "Brussels",
  "BRV": "Bremerhaven",
  "BRW": "Barrow",
  "BRX": "Barahona",
  "BSB": "Brasilia",
  "BSD": "Baoshan",
  "BSH": "Brighton",
  "BSI": "Blairsville",
  "BSJ": "Bairnsdale",
  "BSK": "Biskra",
  "BSL": "Basel",
  "BSQ": "Bisbee",
  "BSR": "Basra",
  "BTH": "Batam",
  "BTJ": "Banda Aceh",
  "BTK": "Bratsk",
  "BTL": "Battle Creek",
  "BTM": "Butte",
  "BTR": "Baton Rouge",
  "BTS": "Bratislava",
  "BTT": "Bettles",
  "BTU": "Bintulu",
  "BTV": "Burlington",
  "BTZ": "Bursa",
  "BUC": "Burketown",
  "BUD": "Budapest",
  "BUE": "Buenos Aires",
  "BUF": "Buffalo",
  "BUH": "Bucharest",
  "BUN": "Buenaventura",
  "BUQ": "Bulawayo",
  "BUR": "Burbank",
  "BUS": "Batumi",
  "BUY": "Bunbury",
  "BUZ": "Bushehr",
  "BVB": "Boa Vista",
  "BVC": "Boa Vista",
  "BVE": "Brive La Gaill",
  "BVH": "Vilhena",
  "BVI": "Birdsville",
  "BVO": "Bartlesville",
  "BVR": "Brava",
  "BVX": "Batesville",
  "BVY": "Beverly",
  "BWC": "Brawley",
  "BWD": "Brownwood",
  "BWE": "Braunschweig",
  "BWF": "Barrow In Furness",
  "BWG": "Bowling Green",
  "BWI": "Baltimore",
  "BWK": "Bol Airport",
  "BWN": "Bandar Seri Begawan",
  "BWO": "Balakovo Airport",
  "BWQ": "Brewarrina",
  "BWT": "Burnie",
  "BWU": "Bankstown",
  "BXN": "Bodrum",
  "BXS": "Borrego Springs",
  "BXU": "Butuan",
  "BYF": "Meaulte",
  "BYI": "Burley",
  "BYR": "Laeso Island",
  "BYU": "Bayreuth",
  "BYW": "Blakely Island",
  "BZC": "Buzios",
  "BZE": "Belize City",
  "BZG": "Bydgoszcz",
  "BZH": "Bumi Hills",
  "BZI": "Balikesir",
  "BZN": "Bozeman",
  "BZO": "Bolzano",
  "BZR": "Beziers",
  "BZT": "Brazoria",
  "BZV": "Brazzaville",
  "CAC": "Cascavel",
  "CAD": "Cadillac",
  "CAE": "Columbia",
  "CAG": "Cagliari",
  "CAI": "Cairo",
  "CAK": "Akron",
  "CAL": "Campbelltown",
  "CAM": "Camiri",
  "CAN": "Guangzhou",
  "CAP": "Cap Haitien",
  "CAR": "Caribou",
  "CAS": "Casablanca",
  "CAU": "Caruaru",
  "CAW": "Campos",
  "CAX": "Carlisle",
  "CAY": "Cayenne",
  "CAZ": "Cobar",
  "CBB": "Cochabamba",
  "CBE": "Cumberland",
  "CBF": "Council Bluffs",
  "CBG": "Cambridge",
  "CBK": "Colby",
  "CBL": "Ciudad Bolivar",
  "CBN": "Cirebon",
  "CBO": "Cotabato",
  "CBP": "Coimbra",
  "CBR": "Canberra",
  "CBS": "Cabimas",
  "CCC": "Cayo Coco",
  "CCE": "Saint Martin",
  "CCF": "Carcassonne",
  "CCJ": "Kozhikode",
  "CCK": "Cocos Islands",
  "CCM": "Criciuma",
  "CCP": "Concepcion",
  "CCR": "Concord",
  "CCS": "Caracas",
  "CCU": "Kolkata",
  "CCV": "Craig Cove",
  "CDA": "Cooinda",
  "CDC": "Cedar City",
  "CDD": "Cauquira",
  "CDH": "Camden",
  "CDI": "Cachoeiro De Itapemirim",
  "CDR": "Chadron",
  "CDV": "Cordova",
  "CDW": "Caldwell",
  "CEB": "Cebu",
  "CEC": "Crescent City",
  "CED": "Ceduna",
  "CEE": "Cherepovets Airport",
  "CEG": "Chester",
  "CEH": "Chelinda",
  "CEI": "Chiang Rai",
  "CEK": "Chelyabinsk",
  "CEN": "Ciudad Obregon",
  "CEQ": "Cannes",
  "CER": "Cherbourg",
  "CES": "Cessnock",
  "CET": "Cholet",
  "CEU": "Clemson",
  "CEY": "Murray",
  "CEZ": "Cortez",
  "CFB": "Cabo Frio",
  "CFE": "Clermont Ferrand",
  "CFG": "Cienfuegos",
  "CFK": "Chlef",
  "CFN": "Donegal",
  "CFQ": "Creston",
  "CFR": "Caen",
  "CFS": "Coffs Harbour",
  "CFU": "Kerkyra",
  "CGA": "Craig",
  "CGB": "Cuiaba",
  "CGD": "Changde",
  "CGI": "Cape Girardeau",
  "CGN": "Cologne",
  "CGO": "Zhengzhou",
  "CGP": "Chittagong",
  "CGQ": "Changchun",
  "CGR": "Campogrande",
  "CGY": "Cagayan",
  "CHA": "Chattanooga",
  "CHC": "Christchurch",
  "CHD": "Chandler",
  "CHI": "Chicago",
  "CHO": "Charlottesville",
  "CHQ": "Chania",
  "CHR": "Chateauroux",
  "CHS": "Charleston",
  "CHW": "Jiuquan",
  "CHX": "Changuinola",
  "CIC": "Chico",
  "CID": "Cedar Rapids",
  "CIG": "Craig",
  "CIL": "Council",
  "CIO": "Concepcion",
  "CIT": "Shimkent",
  "CIW": "Canovan Island",
  "CIX": "Chiclayo",
  "CIY": "Comiso",
  "CJB": "Coimbatore",
  "CJC": "Calama",
  "CJI": "Ciudad Real City",
  "CJJ": "Cheongju",
  "CJM": "Chumphon",
  "CJN": "El Cajon",
  "CJS": "Ciudad Juarez",
  "CJU": "Jeju City",
  "CKB": "Clarksburg",
  "CKG": "Chongqing",
  "CKH": "Chokurdakh Airport",
  "CKM": "Clarksdale",
  "CKS": "Carajas",
  "CKV": "Clarksville",
  "CKY": "Conakry",
  "CKZ": "Canakkale",
  "CLC": "Clear Lake City",
  "CLD": "Carlsbad",
  "CLE": "Cleveland",
  "CLJ": "Cluj",
  "CLL": "College Station",
  "CLM": "Port Angeles",
  "CLO": "Cali",
  "CLQ": "Colima",
  "CLT": "Charlotte",
  "CLU": "Columbus",
  "CLW": "Clearwater",
  "CLY": "Calvi",
  "CMA": "Cunnamulla",
  "CMB": "Colombo",
  "CME": "Ciudad Del Carmen",
  "CMF": "Chambery",
  "CMG": "Corumba",
  "CMH": "Columbus",
  "CMI": "Champaign",
  "CMQ": "Clermont",
  "CMR": "Colmar",
  "CMV": "Coromandel",
  "CMW": "Camaguey",
  "CMX": "Houghton",
  "CMY": "Sparta",
  "CNB": "Coonamble",
  "CNC": "Coconut Island",
  "CND": "Constanta",
  "CNG": "Cognac",
  "CNJ": "Cloncurry",
  "CNM": "Carlsbad",
  "CNQ": "Corrientes",
  "CNS": "Cairns",
  "CNX": "Chiang Mai",
  "CNY": "Moab",
  "COC": "Concordia",
  "COD": "Cody",
  "COE": "Coeur D Alene",
  "COI": "Cocoa Metro Area",
  "COJ": "Coonabarabrn",
  "COK": "Kochi",
  "CON": "Concord",
  "COO": "Cotonou",
  "COR": "Cordoba",
  "COS": "Colorado Springs",
  "COU": "Columbia",
  "CPC": "Chapelco",
  "CPD": "Coober Pedy",
  "CPE": "Campeche",
  "CPH": "Copenhagen",
  "CPO": "Copiapo",
  "CPQ": "Campinas",
  "CPR": "Casper",
  "CPT": "Cape Town",
  "CPV": "Campina Grande",
  "CPX": "Culebra",
  "CQD": "Shahre Kord",
  "CQM": "Ciudad Real",
  "CRA": "Craiova",
  "CRD": "Comodoro Rivadavia",
  "CRK": "Luzon Island",
  "CRP": "Corpus Christi",
  "CRV": "Crotone",
  "CRW": "Charleston",
  "CRX": "Corinth",
  "CRZ": "Turkmenabad",
  "CSF": "Creil",
  "CSG": "Columbus",
  "CSI": "Casino",
  "CSL": "San Luis Obispo",
  "CSM": "Clinton",
  "CSN": "Carson City",
  "CSU": "Santa Cruz Do Sul",
  "CSX": "Changsha",
  "CSY": "Cheboksary",
  "CTA": "Catania",
  "CTC": "Catamarca",
  "CTD": "Chitre",
  "CTG": "Cartagena",
  "CTL": "Charleville",
  "CTM": "Chetumal",
  "CTN": "Cooktown",
  "CTU": "Chengdu",
  "CTW": "Cottonwood",
  "CUA": "Ciudad Constitucion",
  "CUC": "Cucuta",
  "CUE": "Cuenca",
  "CUF": "Cuneo",
  "CUG": "Cudal",
  "CUL": "Culiacan",
  "CUM": "Cumana",
  "CUN": "Cancun",
  "CUQ": "Coen",
  "CUR": "Curacao",
  "CUS": "Columbus",
  "CUU": "Chihuahua",
  "CUZ": "Cuzco",
  "CVF": "Courchevel",
  "CVG": "Cincinnati",
  "CVJ": "Cuernavaca",
  "CVM": "Ciudad Victoria",
  "CVN": "Clovis",
  "CVO": "Corvallis",
  "CVQ": "Carnarvon",
  "CVT": "Coventry",
  "CVU": "Corvo Island",
  "CWB": "Curitiba",
  "CWC": "Chernovtsy",
  "CWI": "Clinton",
  "CWL": "Cardiff",
  "CWT": "Cowra",
  "CXI": "Christmas Island",
  "CXJ": "Caxias Do Sul",
  "CXL": "Calexico",
  "CXO": "Conroe",
  "CXP": "Cilacap",
  "CXR": "Cam Ranh",
  "CYB": "Cayman Brac",
  "CYO": "Cayo Largo Del Sur",
  "CYR": "Colonia",
  "CYS": "Cheyenne",
  "CZA": "Chichen Itza",
  "CZE": "Coro",
  "CZL": "Constantine",
  "CZM": "Cozumel",
  "CZS": "Cruzeiro Do Sul",
  "CZX": "Changzhou",
  "DAB": "Daytona Beach",
  "DAC": "Dhaka",
  "DAD": "Da Nang",
  "DAK": "Dakhla Oasis",
  "DAM": "Damascus",
  "DAN": "Danville",
  "DAR": "Dar Es Salaam",
  "DAT": "Datong",
  "DAV": "David",
  "DAY": "Dayton",
  "DBN": "Dublin",
  "DBO": "Dubbo",
  "DBQ": "Dubuque",
  "DBV": "Dubrovnik",
  "DBY": "Dalby",
  "DCM": "Castres",
  "DCU": "Decatur",
  "DDC": "Dodge City",
  "DDG": "Dandong",
  "DDI": "Daydream Island",
  "DEB": "Debrecen",
  "DEC": "Decatur",
  "DED": "Dehra Dun",
  "DEH": "Decorah",
  "DEL": "Delhi",
  "DEN": "Denver",
  "DEZ": "Deirezzor",
  "DFI": "Defiance",
  "DFW": "Dallas",
  "DGE": "Mudgee",
  "DGM": "Dongguan",
  "DGO": "Durango",
  "DGP": "Daugavpils",
  "DGT": "Dumaguete",
  "DHA": "Dhahran",
  "DHM": "Dharamsala",
  "DHN": "Dothan",
  "DIB": "Dibrugarh",
  "DIE": "Diegosuarez",
  "DIG": "Diqing",
  "DIJ": "Dijon",
  "DIK": "Dickinson",
  "DIL": "Dili",
  "DIN": "Dien Bien Phu",
  "DIR": "Dire Dawa",
  "DIU": "Diu In",
  "DIY": "Diyarbak?r",
  "DJB": "Jambi",
  "DJE": "Djerba",
  "DJJ": "Jayapura",
  "DKI": "Dunk Island",
  "DKR": "Dakar",
  "DKS": "Dikson Airport",
  "DLA": "Douala",
  "DLC": "Dalian",
  "DLD": "Geilo",
  "DLE": "Dole",
  "DLG": "Dillingham",
  "DLH": "Duluth",
  "DLI": "Dalat",
  "DLL": "Dillon",
  "DLM": "Dalaman",
  "DLS": "The Dalles",
  "DLU": "Dali City",
  "DMB": "ZHAMBYL",
  "DMD": "Doomadgee",
  "DMM": "Dammam",
  "DMO": "Sedalia",
  "DND": "Dundee",
  "DNH": "Dunhuang",
  "DNK": "Dnepropetrovsk",
  "DNM": "Denham",
  "DNQ": "Deniliquin",
  "DNR": "Dinard",
  "DNV": "Danville",
  "DNZ": "Denizli",
  "DOC": "Dornoch",
  "DOH": "Doha",
  "DOK": "Donetsk",
  "DOL": "Deauville",
  "DOM": "Dominica",
  "DOV": "Dover",
  "DOX": "Dongara",
  "DPE": "Dieppe",
  "DPL": "Dipolog",
  "DPO": "Devonport",
  "DPS": "Denpasar Bali",
  "DRB": "Derby",
  "DRK": "Drake Bay Arpt",
  "DRO": "Durango",
  "DRS": "Dresden",
  "DRT": "Del Rio",
  "DRW": "Darwin",
  "DSA": "Doncaster",
  "DSD": "La Desirade",
  "DSI": "Destin",
  "DSM": "Des Moines",
  "DTM": "Dortmund",
  "DTT": "Detroit",
  "DUB": "Dublin",
  "DUC": "Duncan",
  "DUD": "Dunedin",
  "DUG": "Douglas",
  "DUJ": "Dubois",
  "DUQ": "Duncan",
  "DUR": "Durban",
  "DUS": "Dusseldorf",
  "DUT": "Dutch Harbor",
  "DVL": "Devils Lake",
  "DVN": "Davenport",
  "DVO": "Davao",
  "DWD": "Dawadmi Airport",
  "DXB": "Dubai",
  "DXR": "Danbury",
  "DYG": "Dayong",
  "DYL": "Doylestown",
  "DYR": "Anadyr",
  "DYU": "Dushanbe",
  "DZA": "Dzaoudzi",
  "DZN": "ZHEZKAZGAN",
  "EAA": "Eagle",
  "EAM": "Nejran",
  "EAP": "Mulhouse Basel",
  "EAR": "Kearney",
  "EAS": "San Sebastian",
  "EAT": "Wenatchee",
  "EAU": "Eau Claire",
  "EBA": "Elba Island",
  "EBB": "Entebbe",
  "EBJ": "Esbjerg",
  "EBL": "Erbil",
  "EBO": "Ebon",
  "EBU": "St Etienne",
  "ECG": "Elizabeth City",
  "ECH": "Echuca",
  "ECN": "Ercan",
  "EDE": "Edenton",
  "EDI": "Edinburgh",
  "EDL": "Eldoret",
  "EDM": "La Roche",
  "EDO": "Edremit",
  "EDR": "Edward River",
  "EED": "Needles",
  "EEN": "Keene",
  "EFL": "Kefalonia",
  "EGC": "Bergerac",
  "EGE": "Eagle",
  "EGM": "Sege",
  "EGN": "Geneina",
  "EGO": "Belgorod",
  "EGP": "Eagle Pass",
  "EGS": "Egilsstadir",
  "EGV": "Eagle River",
  "EHL": "El Bolson",
  "EHT": "East Hartford",
  "EIB": "Eisenach",
  "EIE": "Eniseysk",
  "EIN": "Eindhoven",
  "EIS": "Beef Island",
  "EJA": "Barrancabermeja",
  "EKI": "Elkhart",
  "EKN": "Elkins",
  "EKO": "Elko",
  "EKT": "Eskilstuna",
  "EKX": "Elizabethtown",
  "ELD": "El Dorado",
  "ELH": "North Eleuthera",
  "ELK": "Elk City",
  "ELM": "Elmira",
  "ELP": "El Paso",
  "ELQ": "Gassim",
  "ELS": "East London",
  "ELY": "Ely NV",
  "EMD": "Emerald",
  "EMT": "El Monte",
  "ENA": "Kenai",
  "ENC": "Nancy",
  "ENH": "Enshi",
  "ENK": "Enniskillen",
  "ENL": "Centralia",
  "ENS": "Enschede",
  "ENW": "Kenosha",
  "ENY": "Yanan",
  "EOI": "Eday",
  "EOK": "Keokuk",
  "EPL": "Epinal",
  "EPR": "Esperance",
  "EPS": "El Portillo Samana",
  "EPU": "Parnu",
  "EQS": "Esquel",
  "ERC": "Erzincan",
  "ERF": "Erfurt",
  "ERH": "Errachidia",
  "ERI": "Erie",
  "ERV": "Kerrville",
  "ERZ": "Erzurum",
  "ESC": "Escanaba",
  "ESD": "East Sound",
  "ESE": "Ensenada",
  "ESK": "Eskisehir Airport",
  "ESL": "Elista",
  "ESN": "Easton",
  "ESP": "East Stroudsburg",
  "ESR": "El Salvador",
  "ESS": "Essen",
  "ESU": "Essaouira",
  "ETB": "West Bend",
  "ETH": "Elat",
  "ETS": "Enterprise",
  "ETZ": "Metz Nancy",
  "EUF": "Eufaula",
  "EUG": "Eugene",
  "EUN": "El Aaiun",
  "EUX": "St Eustatius",
  "EVE": "Harstad Narvik",
  "EVG": "Sveg",
  "EVM": "Eveleth",
  "EVN": "Yerevan",
  "EVV": "Evansville",
  "EVW": "Evanston",
  "EVX": "Evreux",
  "EWB": "New Bedford",
  "EWK": "Newton",
  "EWN": "New Bern",
  "NYC": "New York",
  "EXI": "Excursion Inlet",
  "EXM": "Exmouth Gulf",
  "EXT": "Exeter",
  "EYW": "Key West",
  "EZS": "Elazig",
  "FAB": "Farnborough Hampshire",
  "FAE": "Faeroe Islands",
  "FAI": "Fairbanks",
  "FAJ": "Fajardo",
  "FAO": "Faro",
  "FAR": "Fargo",
  "FAT": "Fresno",
  "FAY": "Fayetteville",
  "FBD": "Faizabad",
  "FBM": "Lubumbashi",
  "FCA": "Kalispell",
  "FCB": "Ficksburg",
  "FCN": "Cuxhaven",
  "FCY": "Forrest City",
  "FDE": "Forde",
  "FDF": "Ft De France",
  "FDH": "Friedrichshafen",
  "FDK": "Frederick",
  "FEG": "Fergana",
  "FEN": "Fernando De Noronha",
  "FEZ": "Fez Ma",
  "FFM": "Fergus Falls",
  "FHU": "Ft Huachuca",
  "FIE": "Fair Isle",
  "FIH": "Kinshasa",
  "FJR": "Al Fujairah",
  "FKB": "Karlsruhe Baden Baden",
  "FKL": "Franklin",
  "FKS": "Fukushima",
  "FLB": "Floriano",
  "FLC": "Falls Creek",
  "FLF": "Flensburg",
  "FLG": "Flagstaff",
  "FLL": "Ft Lauderdale",
  "FLN": "Florianopolis",
  "FLO": "Florence",
  "FLP": "Flippin",
  "FLR": "Florence",
  "FLW": "Santa Cruz Flores",
  "FMA": "Formosa",
  "FMH": "Falmouth",
  "FMM": "Memmingen Allgaeu",
  "FMN": "Farmington",
  "FMO": "Muenster",
  "FMS": "Fort Madison",
  "FMY": "Fort Myers",
  "FNA": "Freetown",
  "FNC": "Funchal",
  "FNI": "Nimes",
  "FNJ": "Pyongyang",
  "FNL": "Ft Collins",
  "FNT": "Flint",
  "FOB": "Fort Bragg",
  "FOC": "Fuzhou",
  "FOD": "Fort Dodge",
  "FOG": "Foggia",
  "FOK": "Westhampton",
  "FOR": "Fortaleza",
  "FOT": "Forster",
  "FPO": "Freeport",
  "FPR": "Fort Pierce",
  "FRA": "Frankfurt",
  "FRD": "Friday Harbor",
  "FRG": "Farmingdale",
  "FRH": "French Lick",
  "FRJ": "Frejus",
  "FRL": "Forli",
  "FRM": "Fairmont",
  "FRO": "Floro",
  "FRR": "Front Royal",
  "FRS": "Flores",
  "FRU": "Bishkek",
  "FRW": "Francistown",
  "FRZ": "Fritzlar",
  "FSC": "Figari",
  "FSD": "Sioux Falls",
  "FSM": "Ft Smith",
  "FSP": "St Pierre",
  "FST": "Fort Stockton",
  "FTE": "El Calafate",
  "FTU": "Fort Dauphin",
  "FTW": "Ft Worth",
  "FUE": "Puerto Del Rosario",
  "FUG": "Fuyang",
  "FUJ": "Fukue",
  "FUK": "Fukuoka",
  "FUL": "Fullerton",
  "FUN": "Funafuti",
  "FWA": "Ft Wayne",
  "FWM": "Fort William",
  "FYV": "Fayetteville",
  "GAD": "Gadsden",
  "GAI": "Gaithersburg",
  "GAJ": "Yamagata",
  "GAL": "Galena",
  "GAN": "Gan Island",
  "GAR": "Garaina",
  "GAT": "Gap France",
  "GAU": "Guwahati",
  "GAY": "Gaya",
  "GBD": "Great Bend",
  "GBE": "Gaborone",
  "GBG": "Galesburg",
  "GBK": "Gbangbatok",
  "GBN": "San Giovanni Rotondo",
  "GBQ": "Muharraq Town",
  "GBR": "Great Barrington",
  "GBZ": "Great Barrier Island",
  "GCC": "Gillette",
  "GCI": "Guernsey",
  "GCK": "Garden City",
  "GCM": "Grand Cayman Island",
  "GCN": "Grand Canyon",
  "GCV": "Gravatai",
  "GCY": "Greeneville",
  "GDG": "Magdagachi Airport",
  "GDL": "Guadalajara",
  "GDN": "Gdansk",
  "GDT": "Grand Turk",
  "GDX": "Magadan",
  "GDZ": "Gelendzhik Arpt.",
  "GED": "Georgetown",
  "GEG": "Spokane",
  "GEO": "Georgetown",
  "GER": "Nueva Gerona",
  "GES": "General Santos",
  "GET": "Geraldton",
  "GEV": "Gallivare",
  "GEX": "Geelong",
  "GFD": "Greenfield",
  "GFF": "Griffith",
  "GFK": "Grand Forks",
  "GFL": "Glens Falls",
  "GFN": "Grafton",
  "GGG": "Longview",
  "GGT": "George Town",
  "GGW": "Glasgow",
  "GHA": "Ghardaia",
  "GHB": "Governor S Harbour",
  "GIB": "Gibraltar",
  "GIC": "Boigu Island",
  "GIF": "Winter Haven",
  "GIL": "Gilgit",
  "GIR": "Girardot",
  "GIS": "Gisborne",
  "GIZ": "Gizan",
  "GJT": "Grand Junction",
  "GKA": "Goroka",
  "GKD": "GOKCEADA",
  "GKT": "Gatlinburg",
  "GLA": "Glasgow",
  "GLD": "Goodland",
  "GLE": "Gainesville",
  "GLH": "Greenville",
  "GLI": "Glen Innes",
  "GLL": "Gol City",
  "GLO": "Gloucester",
  "GLR": "Gaylord",
  "GLS": "Galveston",
  "GLT": "Gladstone",
  "GLW": "Glasgow",
  "GME": "Gomel",
  "GMN": "Greymouth",
  "GMR": "Gambier Island",
  "GMZ": "San Sebastian De La Gomera",
  "GNA": "Grodna",
  "GNB": "Grenoble",
  "GND": "Grenada",
  "GNS": "Gunungsitoli",
  "GNT": "Grants",
  "GNV": "Gainesville",
  "GOA": "Genoa",
  "GOH": "Nuuk",
  "GOI": "Goa In",
  "GOJ": "Nizhniy Novgorod",
  "GON": "New London",
  "GOO": "Goondiwindi",
  "GOP": "Gorakhpur",
  "GOQ": "Golmud",
  "GOT": "Gothenburg",
  "GOU": "Garoua",
  "GOV": "Gove",
  "GPA": "Patras",
  "GPS": "Galapagos Is",
  "GPT": "Gulfport",
  "GPZ": "Grand Rapids",
  "GQQ": "Galion",
  "GRB": "Green Bay",
  "GRI": "Grand Island",
  "GRJ": "George",
  "GRO": "Gerona",
  "GRQ": "Groningen",
  "GRR": "Grand Rapids",
  "GRS": "Grosseto",
  "GRV": "Groznyj",
  "GRW": "Graciosa Island",
  "GRX": "Granada",
  "GRZ": "Graz",
  "GSB": "Goldsboro",
  "GSO": "Greensboro",
  "GSP": "Greenville",
  "GST": "Glacier Bay",
  "GSY": "Grimsby",
  "GTE": "Groote Eylandt",
  "GTF": "Great Falls",
  "GTI": "Guettin",
  "GTY": "Gettysburg",
  "GUA": "Guatemala City",
  "GUC": "Gunnison",
  "GUF": "Gulf Shores",
  "GUH": "Gunnedah",
  "GUM": "Guam",
  "GUP": "Gallup",
  "GUR": "Alotau",
  "GUT": "Gutersloh",
  "GUW": "Atyrau",
  "GUY": "Guymon",
  "GVA": "Geneva",
  "GVR": "Governador Valadares",
  "GVX": "Gavle",
  "GWE": "Gweru",
  "GWL": "Gwalior",
  "GWO": "Greenwood",
  "GWS": "Glenwood Springs",
  "GWT": "Westerland",
  "GWY": "Galway",
  "GXQ": "Coyhaique",
  "GXY": "Greeley",
  "GYE": "Guayaquil",
  "GYI": "Gisenyi",
  "GYM": "Guaymas",
  "GYN": "Goiania",
  "GYP": "Gympie",
  "GYR": "Goodyear",
  "GYS": "Guang Yuan",
  "GYY": "Gary",
  "GZA": "Gaza",
  "GZM": "Gozo",
  "GZO": "Gizo",
  "GZP": "Gazipasa",
  "GZT": "Gaziantep",
  "HAC": "Hachijo Jima",
  "HAD": "Halmstad",
  "HAJ": "Hanover",
  "HAK": "Haikou",
  "HAM": "Hamburg",
  "HAN": "Hanoi",
  "HAP": "Long Island",
  "HAR": "Harrisburg",
  "HAS": "Hail",
  "HAU": "Haugesund",
  "HAV": "Havana",
  "HBA": "Hobart",
  "HBE": "Borg El Arab",
  "HBG": "Hattiesburg",
  "HBI": "Harbour Island",
  "HBT": "Hafr Albatin",
  "HBX": "Hubli",
  "HCN": "Hengchun",
  "HCQ": "Halls Creek",
  "HDB": "Heidelberg",
  "HDD": "Hyderabad",
  "HDF": "Heringsdorf",
  "HDN": "Hayden",
  "HDS": "Hoedspruit",
  "HDY": "Hat Yai",
  "HEA": "Herat",
  "HEH": "Heho",
  "HEI": "Heide Buesum",
  "HEL": "Helsinki",
  "HER": "Heraklion",
  "HET": "Hohhot",
  "HEZ": "Natchez",
  "HFA": "Haifa",
  "HFD": "Hartford",
  "HFE": "Hefei",
  "HFN": "Hornafjordur",
  "HFT": "Hammerfest",
  "HGA": "Hargeisa",
  "HGD": "Hughenden",
  "HGH": "Hangzhou",
  "HGL": "Helgoland",
  "HGN": "Mae Hongson",
  "HGR": "Hagerstown",
  "HGU": "Mt Hagen",
  "HHA": "Huanghua",
  "HHE": "Hachinohe",
  "HHH": "Hilton Head",
  "HHQ": "Hua Hin",
  "HHR": "Hawthorne",
  "HIB": "Hibbing",
  "HID": "Horn Island",
  "HIE": "Whitefield",
  "HII": "Lake Havasu Cty",
  "HIJ": "Hiroshima",
  "HIN": "Chinju",
  "HIO": "Hillsboro",
  "HIR": "Honiara",
  "HIS": "Hayman Island",
  "HJR": "Khajuraho",
  "HKA": "Blytheville",
  "HKB": "Healy Lake",
  "HKD": "Hakodate",
  "HKG": "Hong Kong",
  "HKK": "Hokitika",
  "HKN": "Hoskins",
  "HKT": "Phuket",
  "HKY": "Hickory",
  "HLB": "Batesville",
  "HLD": "Hailar",
  "HLF": "Hultsfred",
  "HLM": "Holland",
  "HLN": "Helena",
  "HLS": "St Helens",
  "HLW": "Hluhluwe",
  "HLY": "Holyhead",
  "HLZ": "Hamilton",
  "HMA": "Khanty Mansiysk",
  "HMB": "Mubarak International Arpt",
  "HME": "Hassi Messaoud",
  "UA": "UDJ",
  "HMO": "Hermosillo",
  "HMR": "Hamar",
  "HMV": "Hemavan",
  "HNA": "Morioka",
  "HNB": "Huntingburg",
  "HNH": "Hoonah",
  "HNL": "Honolulu",
  "HNM": "Hana",
  "HNS": "Haines",
  "HNY": "Hengyang",
  "HOB": "Hobbs",
  "HOD": "Hodeidah",
  "HOF": "Hofuf",
  "HOG": "Holguin",
  "HOI": "Hao Island",
  "HOM": "Homer",
  "HON": "Huron",
  "HOP": "Hopkinsville",
  "HOQ": "Hof De",
  "HOR": "Horta",
  "HOT": "Hot Springs",
  "HOU": "Houston",
  "HOV": "Orsta Volda",
  "HPA": "Ha Apai",
  "HPH": "Haiphong",
  "HPN": "White Plains",
  "HPV": "Princeville",
  "HPY": "Baytown",
  "HRB": "Harbin",
  "HRE": "Harare",
  "HRG": "Hurghada",
  "HRK": "Kharkov",
  "HRL": "Harlingen",
  "HRO": "Harrison",
  "HRS": "Harrismith",
  "HRT": "Harrogate",
  "HRZ": "Horizontina",
  "HSG": "Saga",
  "HSI": "Hastings",
  "HSL": "Huslia",
  "HSN": "Zhoushan",
  "HSP": "Hot Springs",
  "HST": "Homestead",
  "HSV": "Huntsville",
  "HSZ": "Hsinchun",
  "HTA": "Chita",
  "HTF": "Hatfield",
  "HTG": "Khatanga Airport",
  "HTI": "Hamilton Island",
  "HTO": "East Hampton",
  "HTS": "Huntington",
  "HTV": "Huntsville",
  "HTY": "Hatay",
  "HUC": "Humacao",
  "HUF": "Terre Haute",
  "HUH": "Huahine",
  "HUI": "Hu PG",
  "HUL": "Houlton",
  "HUM": "Houma",
  "HUN": "Hualien",
  "HUS": "Hughes",
  "HUT": "Hutchinson",
  "HUU": "Huanuco",
  "HUV": "Hudiksvall",
  "HUX": "Santa Cruz Huatulco",
  "HUY": "Humberside",
  "HUZ": "Huizhou",
  "HVB": "Hervey Bay",
  "HVE": "Hanksville",
  "HVG": "Honningsvag",
  "HVN": "New Haven",
  "HVR": "Havre",
  "HWD": "Hayward",
  "HWN": "Hwange",
  "HYA": "Hyannis",
  "HYD": "Shamshabad",
  "HYN": "Huangyan",
  "HYR": "Hayward",
  "HYS": "Hays",
  "HZB": "Hazebrouck",
  "HZG": "Hanzhong",
  "HZK": "Husavik",
  "IAA": "Igarka Airport",
  "IAG": "Niagara Falls",
  "IAR": "Yaroslavl",
  "IAS": "Iasi",
  "IBE": "Ibague",
  "IBZ": "Ibiza",
  "ICT": "Wichita",
  "IDA": "Idaho Falls",
  "IDI": "Indiana",
  "IDR": "Indore",
  "IEG": "Zielona",
  "IEV": "Kiev",
  "IFJ": "Isafjordur",
  "IFN": "Isfahan",
  "IFO": "Ivano Frankovsk",
  "IFP": "Bullhead City",
  "IGD": "I?d?r Havaliman?",
  "IGH": "Ingham",
  "IGM": "Kingman",
  "IGR": "Iguazu",
  "IGU": "Iguassu Falls",
  "IJK": "Izhevsk",
  "IJX": "Jacksonville",
  "IKK": "Kankakee",
  "IKS": "Tiksi Airport",
  "IKT": "Irkutsk",
  "ILE": "Killeen",
  "ILF": "Ilford",
  "ILG": "Wilmington",
  "ILM": "Wilmington",
  "ILO": "Iloilo",
  "ILP": "Ile Des Pins",
  "ILY": "Islay",
  "ILZ": "Zilina",
  "IMF": "Imphal",
  "IMP": "Imperatriz",
  "IMT": "Iron Mountain",
  "INA": "Inta Airport",
  "INC": "Yinchuan",
  "IND": "Indianapolis",
  "INI": "Nis Rs",
  "INL": "International Falls",
  "INN": "Innsbruck",
  "INT": "Winston-Salem",
  "INU": "Nauru Island",
  "INV": "Inverness",
  "INW": "Winslow",
  "IOA": "Ioannina",
  "IOM": "Isle Of Man",
  "IOS": "Ilheus",
  "IOW": "Iowa City",
  "IPC": "Easter Island",
  "IPH": "Ipoh",
  "IPI": "Ipiales",
  "IPL": "El Centro",
  "IPN": "Ipatinga",
  "IPT": "Williamsport",
  "IPW": "Ipswich",
  "IQQ": "Iquique",
  "IQT": "Iquitos",
  "IRG": "Lockhart",
  "IRJ": "La Rioja",
  "IRK": "Kirksville",
  "IRS": "Sturgis",
  "ISA": "Mount Isa",
  "ISB": "Islamabad",
  "ISC": "Isles Of Scilly",
  "ISE": "Isparta",
  "ISG": "Ishigaki",
  "ISH": "Ischia",
  "ISJ": "Isla Mujeres",
  "ISM": "Kissimmee",
  "ISN": "Williston",
  "ISO": "Kinston",
  "ISP": "Islip",
  "ISQ": "Manistique",
  "ISS": "Wiscasset",
  "IST": "Istanbul",
  "ISU": "Sulaimaniyah",
  "ISW": "Wisconsin Rapids",
  "ITH": "Ithaca",
  "ITO": "Hilo",
  "ITP": "Itaperuna",
  "IUE": "Niue Island",
  "IVC": "Invercargill",
  "IVL": "Ivalo",
  "IVR": "Inverell",
  "IWA": "Ivanovo",
  "IWD": "Ironwood",
  "IWJ": "Iwami",
  "IXA": "Agartala",
  "IXB": "Bagdogra",
  "IXC": "Chandigarh",
  "IXD": "Allahabad",
  "IXE": "Mangalore",
  "IXG": "Belgaum",
  "IXI": "Lilabari",
  "IXJ": "Jammu",
  "IXL": "Leh IN",
  "IXM": "Madurai",
  "IXP": "Pathankot",
  "IXR": "Ranchi",
  "IXS": "Silchar",
  "IXU": "Aurangabad",
  "IXY": "Kandla",
  "IXZ": "Port Blair",
  "IYK": "Inyokern",
  "IZM": "Izmir",
  "IZO": "Izumo",
  "IZT": "Ixtepec",
  "JAB": "Jabiru",
  "JAC": "Jackson",
  "JAI": "Jaipur",
  "JAL": "Jalapa",
  "JAN": "Jackson",
  "JAP": "Punta Renes",
  "JAV": "Ilulissat",
  "JAX": "Jacksonville",
  "JBQ": "Higuero",
  "JBR": "Jonesboro",
  "JCB": "Joacaba",
  "JCK": "Julia Creek",
  "JDF": "Juiz De Fora",
  "JDH": "Jodhpur",
  "JDO": "Juazeiro Do Norte",
  "JDZ": "Jingdezhen",
  "JED": "Jeddah",
  "JEF": "Jefferson City",
  "JEG": "Aasiaat",
  "JER": "Jersey",
  "JGA": "Jamnagar",
  "JGN": "Jiayuguan",
  "JGS": "Jian",
  "JHB": "Johor Bahru",
  "JHE": "Helsingborg",
  "JHG": "Jinghong",
  "JHM": "Kapalua",
  "JHS": "Sisimiut",
  "JHW": "Jamestown",
  "JIB": "Djibouti",
  "JIK": "Ikaria Island",
  "JIL": "Jilin",
  "JIM": "Jimma",
  "JIU": "Jiujiang",
  "JJN": "Jinjiang",
  "JJU": "Qaqortoq",
  "JKG": "Jonkoping",
  "JKH": "Chios",
  "JKL": "Kalymnos Island",
  "JKT": "Jakarta",
  "JKV": "Jacksonville",
  "JLN": "Joplin",
  "JMC": "Sausalito",
  "JMK": "Mykonos",
  "JMS": "Jamestown",
  "JNB": "Johannesburg",
  "JNN": "Nanortalik",
  "JNS": "Narsaq",
  "JNU": "Juneau",
  "JNX": "Naxos",
  "JNZ": "Jinzhou",
  "JOE": "Joensuu",
  "JOG": "Yogyakarta",
  "JOI": "Joinville",
  "JOK": "Yoshkar-Ola Airport",
  "JOT": "Joliet",
  "JPA": "Joao Pessoa",
  "JPR": "Ji Parana",
  "JQA": "Qaarsut",
  "JRH": "Jorhat",
  "JRO": "Kilimanjaro",
  "JRS": "Jerusalem",
  "JSA": "Jaisalmer",
  "JSI": "Skiathos",
  "JSO": "Sodertalje",
  "JST": "Johnstown",
  "JSU": "Maniitsoq",
  "JSY": "Syros Island",
  "JTR": "Thira Island",
  "JTY": "Astypalaia Island",
  "JUB": "Juba",
  "JUI": "Juist",
  "JUJ": "Jujuy",
  "JUL": "Juliaca",
  "JUO": "Jurado",
  "JUZ": "Juzhou",
  "JVL": "Beloit",
  "JWN": "Zanjan",
  "JXN": "Jackson",
  "JYV": "Jyvaskyla",
  "JZH": "Songpan",
  "KAB": "Kariba Dam",
  "KAE": "Kake",
  "KAJ": "Kajaani",
  "KAN": "Kano",
  "KAO": "Kuusamo",
  "KAT": "Kaitaia",
  "KBJ": "Kings Canyon",
  "KBL": "Kabul",
  "KBR": "Kota Bharu",
  "KBV": "Krabi",
  "KBZ": "Kaikoura",
  "KCE": "Collinsville",
  "KCH": "Kuching",
  "KCK": "Kansas City",
  "KCM": "Kahramanmaras",
  "KCO": "Kocaeli",
  "KCP": "Kamenets Podolski",
  "KCZ": "Kochi",
  "KDH": "Kandahar Airport",
  "KEJ": "Kemerovo",
  "KEL": "Kiel",
  "KEM": "Kemi",
  "KER": "Kerman",
  "KFS": "Kastamonu",
  "KGC": "Kingscote",
  "KGD": "Kaliningrad",
  "KGF": "Karaganda",
  "KGI": "Kalgoorlie",
  "KGL": "Kigali",
  "KGP": "Kogalym Airport",
  "KGS": "Kos Gr",
  "KHD": "Khorramabad",
  "KHG": "Kashi",
  "KHH": "Kaohsiung",
  "KHI": "Karachi",
  "KHN": "Nanchang",
  "KHV": "Khabarovsk",
  "KIC": "King City",
  "KID": "Kristianstad",
  "KIH": "Kish Island",
  "KIJ": "Niigata",
  "KIM": "Kimberley",
  "KIN": "Kingston",
  "KIR": "Kerry County",
  "KIS": "Kisumu",
  "KIT": "Kithira",
  "KIV": "Chisinau",
  "KJA": "Krasnoyarsk",
  "KJK": "Kortrijk",
  "KKC": "Khon Kaen",
  "KKE": "Kerikeri",
  "KKJ": "Kita Kyushu",
  "KKN": "Kirkenes",
  "KKT": "Kentland",
  "KLD": "Tver",
  "KLF": "Kaluga Grabtsevo AirportINA",
  "KLG": "Kalskag",
  "KLH": "Kolhapur",
  "KLJ": "Klaipeda",
  "KLO": "Kalibo",
  "KLR": "Kalmar",
  "KLS": "Kelso",
  "KLT": "Kaiserslautern",
  "KLU": "Klagenfurt",
  "KLV": "Karlovy Vary",
  "KLW": "Klawock",
  "KLX": "Kalamata",
  "KMG": "Kunming",
  "KMH": "Kuruman",
  "KMI": "Miyazaki",
  "KMJ": "Kumamoto",
  "KMQ": "Komatsu",
  "KMS": "Kumasi",
  "KMW": "Kostroma",
  "KMX": "Khamis Mushait",
  "KNA": "Vina Del Mar",
  "KNF": "Kings Lynn",
  "KNH": "Kinmen",
  "KNS": "King Island",
  "KNT": "Kennett",
  "KNU": "Kanpur",
  "KNX": "Kununurra",
  "KOA": "Kona",
  "KOB": "Koutaba",
  "KOC": "Koumac",
  "KOI": "Kirkwall",
  "KOJ": "Kagoshima",
  "KOK": "Kokkola",
  "KOP": "Nakhon Phanom",
  "KOR": "Kokoro",
  "KOS": "Sihanoukville",
  "KOV": "KOKSHETAU",
  "KOW": "Ganzhou",
  "KPD": "King Of Prussia",
  "KPO": "Pohang",
  "KPS": "Kempsey",
  "KRB": "Karumba",
  "KRF": "Kramfors",
  "KRK": "Krakow",
  "KRL": "Korla",
  "KRN": "Kiruna",
  "KRO": "Kurgan Airport",
  "KRP": "Karup",
  "KRR": "Krasnodar",
  "KRS": "Kristiansand",
  "KRT": "Khartoum",
  "KRW": "Turkmanbashi",
  "KRY": "Karamay",
  "KSC": "Kosice",
  "KSD": "Karlstad",
  "KSF": "Kassel",
  "KSH": "Kermanshah",
  "KSN": "Kostanay",
  "KSO": "Kastoria",
  "KSQ": "Karshi Arpt",
  "KSR": "SANDY RIVER",
  "KSU": "Kristiansund",
  "KSW": "Kiryat Shmona",
  "KSY": "Kars",
  "KSZ": "Kotlas Airport",
  "KTA": "Karratha",
  "KTE": "Kerteh",
  "KTM": "Kathmandu",
  "KTN": "Ketchikan",
  "KTR": "Katherine",
  "KTS": "Brevig Mission",
  "KTT": "Kittila",
  "KTW": "Katowice",
  "KUA": "Kuantan",
  "KUB": "Kuala Belait",
  "KUD": "Kudat",
  "KUF": "Samara",
  "KUH": "Kushiro",
  "KUL": "Kuala Lumpur",
  "KUN": "Kaunas",
  "KUO": "Kuopio",
  "KUS": "Kulusuk",
  "KUT": "Kutaisi Arpt",
  "KUU": "Kulu",
  "KUV": "Kunsan",
  "KVA": "Kavalla",
  "KVB": "Skovde",
  "KVD": "Ganja",
  "KVG": "Kavieng",
  "KVK": "Kirovsk-Apatity Airport",
  "KVX": "Kirov",
  "KWA": "Kwajalein",
  "KWE": "Guiyang",
  "KWG": "Krivoy Rog",
  "KWI": "Kuwait",
  "KWJ": "Kwangju",
  "KWL": "Guilin",
  "KXK": "Komsomolsk Na Amure",
  "KYA": "Konya",
  "KYL": "Key Largo",
  "KYN": "Milton Keynes",
  "KYS": "KAYES",
  "KYZ": "Kyzyl Airport",
  "KZB": "Zachar Bay",
  "KZI": "Kozani",
  "KZN": "Kazan",
  "KZO": "Kzyl Orda",
  "KZR": "K\u00c3\u00bctahya Zafer Arpt",
  "KZS": "Kastelorizo",
  "LAA": "Lamar",
  "LAD": "Luanda",
  "LAE": "Lae Pg",
  "LAF": "Lafayette",
  "LAG": "La Guaira Arpt",
  "LAI": "Lannion",
  "LAJ": "Lajes",
  "LAL": "Lakeland",
  "LAM": "Los Alamos",
  "LAN": "Lansing",
  "LAO": "Laoag",
  "LAP": "La Paz",
  "LAR": "Laramie",
  "LAS": "Las Vegas",
  "LAU": "Lamu",
  "LAW": "Lawton",
  "LAX": "Los Angeles",
  "LAY": "Ladysmith",
  "LBA": "Leeds",
  "LBB": "Lubbock",
  "LBD": "LBD",
  "LBE": "Latrobe",
  "LBF": "North Platte",
  "LBI": "Albi",
  "LBL": "Liberal",
  "LBP": "Long Banga",
  "LBS": "Labasa",
  "LBT": "Lumberton",
  "LBU": "Labuan",
  "LBV": "Libreville",
  "LBY": "La Baule",
  "LCA": "Larnaca",
  "LCC": "Lecce",
  "LCE": "La Ceiba",
  "LCF": "Rio Dulce",
  "LCG": "La Coruna",
  "LCH": "Lake Charles",
  "LCI": "Laconia",
  "LCJ": "Lodz",
  "LCV": "Lucca",
  "LDB": "Londrina",
  "LDE": "Lourdes",
  "LDG": "Leshukonskoye Airport",
  "LDH": "Lord Howe Island",
  "LDJ": "Linden",
  "LDK": "Lidkoping",
  "LDU": "Lahad Datu",
  "LDX": "Saint Laurent du Maroni",
  "LDY": "Londonderry",
  "LEA": "Learmonth",
  "LEB": "Lebanon",
  "LEC": "Lencois",
  "LED": "St Petersburg",
  "LEE": "Leesburg",
  "LEH": "Le Havre",
  "LEI": "Almeria",
  "LEJ": "Leipzig",
  "LEN": "Leon",
  "LEQ": "Lands End",
  "LER": "Leinster",
  "LES": "Lesobeng",
  "LET": "Leticia",
  "LEW": "Lewiston",
  "LEX": "Lexington",
  "LEY": "Lelystad",
  "LFK": "Lufkin",
  "LFT": "Lafayette",
  "LFW": "Lome",
  "LGB": "Long Beach",
  "LGC": "La Grange",
  "LGG": "Liege",
  "LGI": "Deadmans Cay",
  "LGK": "Langkawi",
  "LGL": "Long Lellang",
  "LGP": "Legaspi",
  "LGS": "Malargue",
  "LGU": "Logan",
  "LHA": "Lahr",
  "LHE": "Lahore",
  "LHG": "Lightning Ridge",
  "LHW": "Lanzhou",
  "LIA": "Lianping",
  "LIF": "Lifou",
  "LIG": "Limoges",
  "LIH": "Lihue",
  "LIL": "Lille",
  "LIM": "Lima",
  "LIO": "Limon",
  "LIR": "Liberia",
  "LIS": "Lisbon",
  "LIT": "Little Rock",
  "LJG": "Lijiang City",
  "LJN": "Lake Jackson",
  "LJU": "Ljubljana",
  "LKG": "Lokichoggio",
  "LKH": "Long Akah",
  "LKL": "Lakselv",
  "LKN": "Leknes",
  "LKO": "Lucknow",
  "LLA": "Lulea",
  "LLE": "Malelane",
  "LLF": "Ling Ling",
  "LLK": "Lankaran International Arpt",
  "LLU": "Alluitsup Paa",
  "LLW": "Lilongwe",
  "LLY": "Mount Holly",
  "LME": "Le Mans",
  "LMM": "Los Mochis",
  "LMN": "Limbang",
  "LMP": "Lampedusa",
  "LMS": "Louisville",
  "LMT": "Klamath Falls",
  "LNK": "Lincoln",
  "LNO": "Leonora",
  "LNS": "Lancaster",
  "LNV": "Lihir Island",
  "LNY": "Lanai",
  "LNZ": "Linz",
  "LOE": "Loei",
  "LOH": "Loja",
  "LOM": "Lagos De Moreno",
  "LON": "london",
  "LOS": "Lagos",
  "LOV": "Monclova",
  "LOZ": "London",
  "LPA": "Gran Canaria",
  "LPB": "La Paz",
  "LPG": "La Plata",
  "LPH": "Lochgilphead",
  "LPI": "Linkoping",
  "LPK": "Lipetsk Airport",
  "LPL": "Liverpool",
  "LPO": "La Porte",
  "LPP": "Lappeenranta",
  "LPQ": "Louangphrabang",
  "LPS": "Lopez Island",
  "LPT": "Lampang",
  "LPX": "Liepaja",
  "LPY": "Le Puy",
  "LRA": "Larisa",
  "LRD": "Laredo",
  "LRE": "Longreach",
  "LRH": "La Rochelle",
  "LRM": "La Romana",
  "LRS": "Leros",
  "LRT": "Lorient",
  "LRU": "Las Cruces",
  "LSC": "La Serena",
  "LSE": "La Crosse",
  "LSI": "Lerwick",
  "LSN": "Los Banos",
  "LSO": "Les Sables",
  "LSP": "Las Piedras",
  "LSQ": "Los Angeles",
  "LST": "Launceston",
  "LSY": "Lismore",
  "LTA": "Tzaneen",
  "LTK": "Latakia",
  "LTN": "Luton",
  "LTO": "Loreto",
  "LTQ": "Le Touquet",
  "LTS": "Altus",
  "LTT": "St Tropez",
  "LTU": "Latur",
  "LTX": "Latacunga",
  "LUD": "Luderitz",
  "LUG": "Lugano",
  "LUH": "Ludhiana",
  "LUL": "Laurel",
  "LUN": "Lusaka",
  "LUP": "Kalaupapa",
  "LUQ": "San Luis",
  "LUX": "Luxembourg",
  "LVI": "Livingstone",
  "LVK": "Livermore",
  "LVM": "Livingston",
  "LVO": "Laverton",
  "LVS": "Las Vegas",
  "LWB": "Lewisburg",
  "LWC": "Lawrence",
  "LWM": "Lawrence",
  "LWO": "Lvov",
  "LWS": "Lewiston",
  "LWT": "Lewistown",
  "LWY": "Lawas",
  "LXA": "Lhasa",
  "LXN": "Lexington",
  "LXR": "Luxor",
  "LXS": "Limnos",
  "LY": "Sebha Airport",
  "LYA": "Luoyang",
  "LYB": "Little Cayman",
  "LYC": "Lycksele",
  "LYG": "Lianyungang",
  "LYH": "Lynchburg",
  "LYI": "Linyi",
  "LYP": "Faisalabad",
  "LYR": "Longyearbyen",
  "LYS": "Lyon",
  "LYU": "Ely Mn",
  "LYX": "Lydd",
  "LZC": "Lazaro Cardenas Michoacan",
  "LZH": "Liuzhou",
  "LZO": "Luzhou",
  "LZR": "Lizard Island",
  "MAA": "Chennai",
  "MAB": "Maraba",
  "MAD": "Madrid",
  "MAE": "Madera",
  "MAF": "Midland",
  "MAG": "Madang",
  "MAH": "Menorca",
  "MAJ": "Majuro",
  "MAK": "Malakal",
  "MAM": "Matamoros",
  "MAN": "Manchester",
  "MAO": "Manaus",
  "MAQ": "Mae Sot",
  "MAR": "Maracaibo",
  "MAS": "Manus Island",
  "MAZ": "Mayaguez",
  "MBA": "Mombasa",
  "MBD": "Mmabatho",
  "MBH": "Maryborough",
  "MBJ": "Montego Bay",
  "MBL": "Manistee",
  "MBS": "Saginaw",
  "MBT": "Masbate",
  "MBW": "Moorabbin",
  "MBX": "Maribor",
  "MCE": "Merced",
  "MCK": "McCook",
  "MCM": "Monte Carlo",
  "MCN": "Macon",
  "MCP": "Macapa",
  "MCQ": "Miskolc",
  "MCT": "Muscat",
  "MCU": "Montlucon",
  "MCV": "McArthur River",
  "MCW": "Mason City",
  "MCX": "Makhachkala Airport",
  "MCY": "Maroochydore",
  "MCZ": "Maceio",
  "MDC": "Manado",
  "MDE": "Medellin",
  "MDG": "Mudanjiang",
  "MDH": "Carbondale",
  "MDI": "Makurdi",
  "MDL": "Mandalay",
  "MDQ": "Mar Del Plata",
  "MDU": "Mendi",
  "MDY": "Midway Island",
  "MDZ": "Mendoza",
  "MEA": "Macae",
  "MEC": "Manta",
  "MED": "Madinah",
  "MEH": "Mehamn",
  "MEI": "Meridian",
  "MEL": "Melbourne",
  "MEM": "Memphis",
  "MEO": "Manteo",
  "MES": "Medan",
  "MEU": "Monte Dourado",
  "MEV": "Minden",
  "MEX": "Mexico City",
  "MEZ": "Messina",
  "MFD": "Mansfield",
  "MFE": "McAllen",
  "MFH": "Mesquite",
  "MFI": "Marshfield",
  "MFK": "Matsu",
  "MFM": "Macau",
  "MFN": "Milford Sound",
  "MFR": "Medford",
  "MFT": "Machu Picchu",
  "MGA": "Managua",
  "MGB": "Mt Gambier",
  "MGC": "Michigan City",
  "MGE": "Marietta",
  "MGF": "Maringa",
  "MGH": "Margate",
  "MGJ": "Montgomery",
  "MGM": "Montgomery",
  "MGQ": "Mogadishu",
  "MGR": "Moultrie",
  "MGV": "Margaret River Station",
  "MGW": "Morgantown",
  "MHD": "Mashad",
  "MHE": "Mitchell",
  "MHG": "Mannheim Germany",
  "MHH": "Marsh Harbour",
  "MHK": "Manhattan",
  "MHQ": "Mariehamn",
  "MHT": "Manchester",
  "MHU": "Mount Hotham",
  "MHV": "Mojave",
  "MHZ": "Mildenhall",
  "MIA": "Miami",
  "MID": "Merida",
  "MIE": "Muncie",
  "MIG": "Mian Yang",
  "MII": "Marilia",
  "MIK": "Mikkeli",
  "MIL": "Milan",
  "MIM": "Merimbula",
  "MIR": "Monastir",
  "MIV": "Millville",
  "MIW": "Marshalltown",
  "MJD": "Mohenjodaro",
  "MJF": "Mosjoen",
  "MJI": "Maji",
  "MJK": "Monkey Mia",
  "MJN": "Majunga",
  "MJR": "Miramar",
  "MJT": "Mytilene",
  "MJU": "Mamuju",
  "MJV": "Murcia",
  "MJW": "Mahenye",
  "MJZ": "Mirnyj",
  "MKA": "Marianske Lazne",
  "MKC": "Kansas City",
  "MKE": "Milwaukee",
  "MKG": "Muskegon",
  "MKK": "Hoolehua",
  "MKL": "Jackson",
  "MKM": "Mukah",
  "MKO": "Muskogee",
  "MKR": "Meekathara",
  "MKT": "Mankato",
  "MKW": "Manokwari",
  "MKX": "Mukalla",
  "MKY": "Mackay",
  "MKZ": "Malacca",
  "MLA": "Malta",
  "MLB": "Melbourne",
  "MLC": "McAlester",
  "MLE": "Male",
  "MLG": "Malang",
  "MLI": "Moline",
  "MLM": "Morelia",
  "MLN": "Melilla",
  "MLO": "Milos",
  "MLS": "Miles City",
  "MLT": "Millinocket",
  "MLU": "Monroe",
  "MLW": "Monrovia",
  "MLX": "Malatya",
  "MLZ": "Melo",
  "MMA": "Malmo",
  "MMB": "Memambetsu",
  "MMC": "Ciudad Mante",
  "MME": "Teesside",
  "MMG": "Mount Magnet",
  "MMH": "Mammoth Lakes",
  "MMI": "Athens",
  "MMJ": "Matsumoto",
  "MMK": "Murmansk",
  "MML": "Marshall",
  "MMM": "Middlemount",
  "MMO": "Maio",
  "MMU": "Morristown",
  "MMY": "Miyako Jima",
  "MNI": "Montserrat",
  "MNK": "Maiana",
  "MNL": "Manila",
  "MNM": "Menominee",
  "MNO": "Manono",
  "MNQ": "Monto",
  "MNZ": "Manassas",
  "MOB": "Mobile",
  "MOC": "Montes Claros",
  "MOD": "Modesto",
  "MOI": "Mitiaro Island",
  "MOL": "Molde",
  "MON": "Mount Cook",
  "MOP": "Mount Pleasant",
  "MOQ": "Morondava",
  "MOT": "Minot",
  "MOU": "Mountain Village",
  "MOV": "Moranbah",
  "MOW": "Moscow",
  "MOZ": "Moorea",
  "MPA": "Mpache",
  "MPH": "Caticlan",
  "MPK": "Mokpo",
  "MPL": "Montpellier",
  "MPM": "Maputo",
  "MPN": "Mount Pleasant",
  "MPQ": "Maan",
  "MPR": "McPherson",
  "MPV": "Montpelier",
  "MPW": "Mariupol",
  "MQF": "Magnitogorsk",
  "MQK": "San Matias",
  "MQL": "Mildura",
  "MQM": "Mardin",
  "MQN": "Mo I Rana",
  "MQS": "Mustique",
  "MQT": "Marquette",
  "MQY": "Smyrna",
  "MQZ": "Margaret River",
  "MRA": "Misurata",
  "MRB": "Martinsburg",
  "MRC": "Columbia",
  "MRD": "Merida",
  "MRE": "Mara Lodges",
  "MRO": "Masterton",
  "MRS": "Marseille",
  "MRU": "Mauritius",
  "MRV": "Mineralnye Vody",
  "MRX": "Mahshahr Airport",
  "MRY": "Monterey",
  "MRZ": "Moree",
  "MSB": "Marigot St Martin",
  "MSC": "Mesa",
  "MSE": "Manston",
  "MSJ": "Misawa",
  "MSL": "Muscle Shoals",
  "MSN": "Madison",
  "MSO": "Missoula",
  "MSP": "Minneapolis",
  "MSQ": "Minsk",
  "MSR": "Mus Tr",
  "MSS": "Massena",
  "MST": "Maastricht",
  "MSU": "Maseru",
  "MSV": "Monticello",
  "MSY": "New Orleans",
  "MTH": "Marathon",
  "MTJ": "Montrose",
  "MTL": "Maitland",
  "MTO": "Mattoon",
  "MTP": "Montauk",
  "MTR": "Monteria",
  "MTS": "Manzini",
  "MTT": "Minatitlan",
  "MTW": "Manitowoc",
  "MTY": "Monterrey",
  "MUA": "Munda",
  "MUB": "Maun",
  "MUC": "Munich",
  "MUE": "Kamuela",
  "MUN": "Maturin",
  "MUO": "Mountain Home",
  "MUR": "Marudi",
  "MUX": "Multan",
  "MUZ": "Musoma",
  "MVB": "Franceville Mvengue",
  "MVC": "Monroeville",
  "MVD": "Montevideo",
  "MVF": "Mossoro",
  "MVN": "Mt Vernon",
  "MVQ": "Mogilev",
  "MVR": "Maroua",
  "MVV": "Megeve",
  "MVY": "Martha S Vineyard",
  "MVZ": "Masvingo",
  "MWA": "Marion",
  "MWH": "Moses Lake",
  "MWO": "Middletown",
  "MWZ": "Mwanza",
  "MXC": "Monticello",
  "MXL": "Mexicali",
  "MXN": "Morlaix",
  "MXS": "Maota",
  "MXX": "Mora",
  "MXY": "Mccarthy",
  "MXZ": "Meixian",
  "MYA": "Moruya",
  "MYC": "Maracay",
  "MYD": "Malindi",
  "MYJ": "Matsuyama",
  "MYL": "Mccall",
  "MYP": "Mary",
  "MYQ": "Mysore",
  "MYR": "Myrtle Beach",
  "MYV": "Marysville",
  "MYW": "Mtwara",
  "MYY": "Miri",
  "MZG": "Makung",
  "MZH": "Merzifon",
  "MZI": "Mopti",
  "MZL": "Manizales",
  "MZM": "Metz",
  "MZO": "Manzanillo",
  "MZR": "Mazar I Sharif",
  "MZT": "Mazatlan",
  "MZV": "Mulu",
  "NAA": "Narrabri",
  "NAC": "Naracoorte",
  "NAG": "Nagpur",
  "NAJ": "Nakhichevan",
  "NAK": "Nakhon Ratchasima",
  "NAL": "Nalchik",
  "NAM": "Namlea",
  "NAN": "Nadi",
  "NAO": "Nanchong",
  "NAP": "Naples",
  "NAR": "Nare",
  "NAS": "Nassau",
  "NAT": "Natal",
  "NAV": "Nevsehir",
  "NAW": "Narathiwat",
  "NBC": "Naberevnye Chelny",
  "NBE": "Hammamet",
  "NBO": "Nairobi",
  "NCA": "North Caicos",
  "NCE": "Nice",
  "NCL": "Newcastle",
  "NCS": "Newcastle",
  "NCU": "Nukus",
  "NCY": "Annecy",
  "NDB": "Nouadhibou",
  "NDG": "Qiqihar",
  "NDJ": "N Djamena",
  "NDK": "Namdrik",
  "NDR": "Nador",
  "NDY": "Sanday",
  "NEF": "Neftekamsk Airport",
  "NEG": "Negril",
  "NER": "Neryungri Chulman",
  "NEV": "Nevis",
  "NFG": "Nefteyugansk",
  "NFL": "Fallon",
  "NGA": "Young",
  "NGB": "Ningbo",
  "NGE": "N Gaoundere",
  "NGO": "Nagoya",
  "NGS": "Nagasaki",
  "NHA": "Nha Trang",
  "NHZ": "Brunswick",
  "NIM": "Niamey",
  "NJC": "Nizhnevartovsk",
  "NJF": "Al Najaf International Arpt",
  "NKC": "Nouakchott",
  "NKG": "Nanjing",
  "NLA": "N Dola",
  "NLC": "Lemoore",
  "NLD": "Nuevo Laredo",
  "NLK": "Norfolk Island",
  "NLP": "Nelspruit",
  "NLV": "Nikolaev",
  "NMA": "Namangrad",
  "NNG": "Nanning",
  "NNM": "Naryan Mar",
  "NNR": "Spiddal",
  "NNT": "Nan Th",
  "NOA": "Nowra",
  "NOB": "Nosara Beach",
  "NOC": "Knock",
  "NOG": "Nogales",
  "NOJ": "Nojabrxsk",
  "NOS": "Nossi Be",
  "NOT": "Novato",
  "NOU": "Noumea",
  "NOZ": "Novokuznetsk",
  "NPE": "Napier Hastings",
  "NPL": "New Plymouth",
  "NPT": "Newport",
  "NQI": "Kingsville",
  "NQN": "Neuquen",
  "NQT": "Nottingham Uk",
  "NQY": "Newquay",
  "NRA": "Narrandera",
  "NRK": "Norrkoping",
  "NRL": "North Ronaldsay",
  "NSA": "Noosa",
  "NSE": "Milton",
  "NSK": "Norilsk",
  "NSM": "Norseman",
  "NSN": "Nelson",
  "NSO": "Scone",
  "NST": "Nakhon Si Thammarat",
  "NTB": "Notodden",
  "NTE": "Nantes",
  "NTG": "Nantong",
  "NTL": "Newcastle",
  "NTN": "Normanton",
  "NTO": "Santo Antao",
  "NTY": "Sun City",
  "NUE": "Nuremberg",
  "NUL": "Nulato",
  "NUQ": "Mountain View",
  "NUR": "Nullarbor",
  "NUX": "Novy Urengoy",
  "NVK": "Narvik",
  "NVR": "Novgorod",
  "NVS": "Nevers",
  "NVT": "Navegantes",
  "NWI": "Norwich",
  "NYA": "Nyagan Airport",
  "NYE": "Nyeri",
  "NYK": "Nanyuki",
  "NYM": "Nadym Airport",
  "NYN": "Nyngan",
  "NYU": "Nyaung",
  "OAG": "Orange",
  "OAJ": "Jacksonville",
  "OAK": "Oakland",
  "OAL": "Cacoal",
  "OAM": "Oamaru",
  "OAX": "Oaxaca",
  "OBE": "Okeechobee",
  "OBN": "Oban",
  "OBO": "Obihiro",
  "OBS": "Aubenas",
  "OCA": "Ocean Reef",
  "OCE": "Ocean City",
  "OCF": "Ocala",
  "OCJ": "Ocho Rios",
  "OCN": "Oceanside",
  "ODB": "Cordoba",
  "ODE": "Odense",
  "ODN": "Long Seridan",
  "ODS": "Odessa",
  "ODW": "Oak Harbor",
  "OEA": "Vincennes",
  "OEL": "Oryol Yuzhny Airport",
  "OER": "Ornskoldsvik",
  "OFK": "Norfolk",
  "OGA": "Ogallala",
  "OGD": "Ogden",
  "OGG": "Maui",
  "OGS": "Ogdensburg",
  "OGZ": "VLADIKAVKAZ",
  "OHD": "Ohrid",
  "OHH": "Okha Airport",
  "OHO": "Okhotsk Airport",
  "OIA": "Ourilandia",
  "OIM": "Oshima",
  "OIT": "Oita",
  "OKA": "Okinawa",
  "OKC": "Oklahoma City",
  "OKE": "Okino Erabu",
  "OKJ": "Okayama",
  "OKK": "Kokomo",
  "OKT": "Oktyabrsky Airport",
  "OKY": "Oakey",
  "OLB": "Olbia",
  "OLK": "Fuerte Olimpo",
  "OLM": "Olympia",
  "OLP": "Olympic Dam",
  "OLS": "Nogales",
  "OLU": "Columbus",
  "OMA": "Omaha",
  "OMD": "Oranjemund",
  "OME": "Nome",
  "OMO": "Mostar",
  "OMR": "Oradea",
  "OMS": "Omsk",
  "OND": "Ondangwa",
  "ONG": "Mornington",
  "ONH": "Oneonta",
  "ONJ": "Odate Noshiro",
  "ONM": "Socorro",
  "ONP": "Newport",
  "ONQ": "Zonguldak",
  "ONT": "Ontario",
  "OOL": "Gold Coast",
  "OOM": "Cooma",
  "OPA": "Kopasker",
  "OPO": "Porto",
  "ORB": "Orebro Bofors",
  "ORE": "Orleans",
  "ORF": "Norfolk",
  "ORH": "Worcester",
  "ORK": "Cork",
  "ORL": "Orlando",
  "ORM": "Northampton",
  "ORN": "Oran",
  "ORS": "Orpheus Island",
  "OSA": "Osaka",
  "OSD": "Ostersund",
  "OSH": "Oshkosh",
  "OSI": "Osijek",
  "OSK": "Oskarshamn",
  "OSL": "Oslo",
  "OSM": "Mosul",
  "OSR": "Ostrava",
  "OSS": "Osh",
  "OST": "Ostende",
  "OSY": "Namsos",
  "OTG": "Worthington",
  "OTH": "North Bend",
  "OTM": "Ottumwa",
  "OTS": "Ancortes",
  "OTZ": "Kotzebue",
  "OUA": "Ouagadougou",
  "OUD": "Oujda",
  "OUH": "Oudtshoorn",
  "OUL": "Oulu",
  "OUZ": "Zouerate",
  "OVB": "Novosibirsk",
  "OVD": "Asturias",
  "OVS": "Boscobel",
  "OWA": "Owatonna",
  "OWB": "Owensboro",
  "OWD": "Norwood",
  "OXB": "Bissau",
  "OXC": "Oxford",
  "OXF": "Oxford",
  "OXR": "Oxnard",
  "OYO": "Tres Arroyos",
  "OZC": "Labo Arpt",
  "OZH": "Zaporozhe",
  "OZZ": "Ourzazate",
  "PAD": "Paderborn",
  "PAE": "Everett",
  "PAH": "Paducah",
  "PAO": "Palo Alto",
  "PAP": "Port Au Prince",
  "PAR": "Paris",
  "PAS": "Paros",
  "PAT": "Patna",
  "PAZ": "Poza Rica",
  "PBC": "Puebla",
  "PBD": "Porbandar",
  "PBF": "Pine Bluff",
  "PBG": "Plattsburgh",
  "PBH": "Paro",
  "PBI": "West Palm Beach",
  "PBM": "Paramaribo",
  "PBO": "Paraburdoo",
  "PBR": "Puerto Barrios",
  "PBZ": "Plettenberg Bay",
  "PCD": "Prairie Du Chien",
  "PCJ": "Puerto La Victoria",
  "PCL": "Pucallpa",
  "PCM": "Playa Del Carmen",
  "PCN": "Picton",
  "PCT": "Princeton",
  "PDG": "Padang",
  "PDL": "Ponta Delgada",
  "PDP": "Punta Del Este",
  "PDS": "Piedras Negras",
  "PDT": "Pendleton",
  "PDU": "Paysandu",
  "PDV": "Plovdiv",
  "PDX": "Portland",
  "PED": "Pardubice",
  "PEE": "Perm",
  "PEF": "Peenemuende",
  "PEG": "Perugia",
  "PEI": "Pereira",
  "PEJ": "Peschiei",
  "PEM": "Puerto Maldonado",
  "PEN": "Penang",
  "PER": "Perth",
  "PES": "Petrozavodsk",
  "PET": "Pelotas",
  "PEV": "Pecs",
  "PEW": "Peshawar",
  "PEX": "Pechora Airport",
  "PEZ": "Penza",
  "PFB": "Passo Fundo",
  "PFN": "Panama City",
  "PFO": "Paphos",
  "PFQ": "Parsabad Arpt",
  "PGA": "Page",
  "PGD": "Punta Gorda",
  "PGF": "Perpignan",
  "PGH": "Pantnagar",
  "PGL": "Pascagoula",
  "PGO": "Pagosa Springs",
  "PGU": "Ala\\'Marvdasht Arpt",
  "PGV": "Greenville",
  "PGX": "Perigueux",
  "PHB": "Parnaiba",
  "PHC": "Port Harcourt",
  "PHE": "Port Hedland",
  "PHF": "Newport News",
  "PHH": "Phan Thiet",
  "PHL": "Philadelphia",
  "PHN": "Port Huron",
  "PHS": "Phitsanulok",
  "PHT": "Paris",
  "PHW": "Phalaborwa",
  "PHX": "Phoenix",
  "PIA": "Peoria",
  "PIH": "Pocatello",
  "PIR": "Pierre",
  "PIS": "Poitiers",
  "PIT": "Pittsburgh",
  "PIU": "Piura",
  "PIW": "Pikwitonei",
  "PIX": "Pico Island",
  "PIZ": "Point Lay",
  "PJA": "Pajala",
  "PJB": "Payson",
  "PKB": "Parkersburg",
  "PKC": "Petropavlovsk Kamchatskiy",
  "PKD": "Park Rapids",
  "PKE": "Parkes",
  "PKG": "Pangkor",
  "PKH": "Portoheli",
  "PKJ": "Playa Grande",
  "PKN": "Pangkalanbun",
  "PKR": "Pokhara",
  "PKU": "Pekanbaru",
  "PKV": "Pskov",
  "PKW": "Selebi Phikwe",
  "PKZ": "Pakse",
  "PLD": "Playa Samara",
  "PLH": "Plymouth",
  "PLJ": "Placencia",
  "PLK": "Point Lookout",
  "PLM": "Palembang",
  "PLN": "Pellston",
  "PLO": "Port Lincoln",
  "PLP": "LA PALMA",
  "PLQ": "Palanga",
  "PLS": "Providenciales",
  "PLV": "Poltava",
  "PLW": "Palu",
  "PLX": "SEMIPALATINSK",
  "PLY": "Plymouth",
  "PLZ": "Port Elizabeth",
  "PMC": "Puerto Montt",
  "PMD": "Palmdale",
  "PME": "Portsmouth",
  "PMF": "Parma",
  "PMG": "Ponta Pora",
  "PMI": "Palma Mallorca",
  "PMK": "Palm Island",
  "PMO": "Palermo",
  "PMR": "Palmerston",
  "PMS": "Palmyra",
  "PMV": "Porlamar",
  "PMW": "Palmas",
  "PMY": "Puerto Madryn",
  "PMZ": "Palmar",
  "PNA": "Pamplona",
  "PNC": "Ponca City",
  "PNG": "Paranagua",
  "PNH": "Phnom Penh",
  "PNI": "Pohnpei",
  "PNJ": "Penglai",
  "PNK": "Pontianak",
  "PNL": "Pantelleria",
  "PNO": "Pinotepa Nacional",
  "PNP": "Popondetta",
  "PNQ": "Pune",
  "PNR": "Pointe Noire",
  "PNS": "Pensacola",
  "PNT": "Puerto Natales",
  "PNX": "Sherman",
  "PNZ": "Petrolina",
  "POA": "Porto Alegre",
  "POC": "La Verne",
  "POE": "Fort Polk",
  "POF": "Poplar Bluff",
  "POG": "Port Gentil",
  "POL": "Pemba",
  "POM": "Port Moresby",
  "POP": "Puerto Plata",
  "POR": "Pori",
  "POS": "Port Of Spain",
  "POU": "Poughkeepsie",
  "POW": "Portoroz",
  "POX": "Pontoise",
  "POZ": "Poznan",
  "PPB": "Presidente Prudente",
  "PPE": "Puerto Penasco",
  "PPG": "Pago Pago",
  "PPI": "Port Pirie",
  "PPK": "Petropavlovsk",
  "PPL": "Phaplu",
  "PPM": "Pompano Beach",
  "PPN": "Popayan",
  "PPP": "Proserpine",
  "PPQ": "Paraparaumu",
  "PPS": "Puerto Princesa",
  "PPT": "Papeete",
  "PPW": "Papa Westray",
  "PQC": "Phu Quoc",
  "PQI": "Presque Isle",
  "PQM": "Palenque",
  "PQQ": "Pt Macquarie",
  "PRA": "Parana",
  "PRB": "Paso Robles",
  "PRC": "Prescott",
  "PRG": "Prague",
  "PRH": "Phrae",
  "PRI": "Praslin Island",
  "PRM": "Portimao",
  "PRN": "Pristina",
  "PRP": "Propriano",
  "PRX": "Paris",
  "PRY": "Pretoria",
  "PSA": "Pisa",
  "PSB": "Philipsburg",
  "PSC": "Pasco",
  "PSE": "Ponce",
  "PSF": "Pittsfield",
  "PSG": "Petersburg",
  "PSK": "Dublin",
  "PSL": "Perth",
  "PSM": "Portsmouth",
  "PSO": "Pasto",
  "PSP": "Palm Springs",
  "PSR": "Pescara",
  "PSS": "Posadas",
  "PTB": "Petersburg",
  "PTF": "Malololailai",
  "PTG": "Pietersburg",
  "PTI": "Port Douglas",
  "PTJ": "Portland",
  "PTK": "Pontiac",
  "PTO": "Pato Branco",
  "PTP": "Pointe A Pitre",
  "PTS": "Pittsburg",
  "PTW": "Pottstown",
  "PTY": "Panama City",
  "PUB": "Pueblo",
  "PUC": "Price",
  "PUF": "Pau Fr",
  "PUG": "Port Augusta",
  "PUJ": "Punta Cana",
  "PUQ": "Punta Arenas",
  "PUS": "Busan",
  "PUW": "Pullman",
  "PUX": "Puerto Varas",
  "PUY": "Pula",
  "PVC": "Provincetown",
  "PVD": "Providence",
  "PVF": "Placerville",
  "PVH": "Porto Velho",
  "PVK": "Preveza",
  "PVR": "Puerto Vallarta",
  "PVS": "Provideniya Bay Airport",
  "PVU": "Provo",
  "PVW": "Plainview",
  "PVZ": "Painesville",
  "PWE": "Pevek Airport",
  "PWM": "Portland",
  "PWQ": "Pavlodar",
  "PWT": "Bremerton",
  "PXM": "Puerto Escondido",
  "PXO": "Porto Santo",
  "PXU": "Pleiku",
  "PYJ": "Polyarny Airport",
  "PYM": "Plymouth",
  "PYX": "Pattaya",
  "PYY": "Pai City",
  "PZB": "Pietermaritzburg",
  "PZE": "Penzance",
  "PZI": "Panzhihua",
  "PZO": "Puerto Ordaz",
  "PZU": "Port Sudan",
  "PZY": "Piestany",
  "QAR": "Arnhem",
  "QBC": "Bella Coola",
  "QCE": "Copper Mountain",
  "QDH": "Ashford",
  "QEW": "Leicester",
  "QFQ": "Maloy",
  "QHV": "Novo Hamburgo",
  "QIG": "Iguatu",
  "QKB": "Breckenridge",
  "QKS": "Keystone",
  "QLE": "Leeton",
  "QNT": "Niteroi",
  "QQX": "Bath",
  "QQY": "York",
  "QRO": "Queretaro",
  "QRV": "Arras",
  "QSF": "Setif",
  "QXB": "Aix En Provence",
  "QYH": "Hengelo",
  "QYM": "Amersfoort",
  "QYO": "Olsztyn",
  "QYX": "Uppsala",
  "RAB": "Rabaul",
  "RAC": "Racine",
  "RAI": "Praia",
  "RAJ": "Rajkot",
  "RAK": "Marrakech",
  "RAL": "Riverside",
  "RAO": "Ribeirao Preto",
  "RAP": "Rapid City",
  "RAR": "Rarotonga",
  "RAT": "Raduzhny Airport",
  "RAY": "Rothesay",
  "RBA": "Rabat",
  "RBF": "Big Bear City",
  "RBG": "Roseburg",
  "RBM": "Straubing",
  "RBR": "Rio Branco",
  "RBW": "Walterboro",
  "RCB": "Richards Bay",
  "RCE": "Roche Harbor",
  "RCO": "Rochefort",
  "RCU": "Rio Cuarto",
  "RDD": "Redding",
  "RDG": "Reading",
  "RDM": "Redmond",
  "RDN": "Redang",
  "RDU": "Raleigh",
  "RDZ": "Rodez",
  "REC": "Recife",
  "REG": "Reggio Calabria",
  "REK": "Reykjavik",
  "REL": "Trelew",
  "REN": "Orenburg",
  "REP": "Siem Reap",
  "RER": "Retalhuleu",
  "RES": "Resistencia",
  "REU": "Reus",
  "REX": "Reynosa",
  "RFD": "Rockford",
  "RFP": "Raiatea",
  "RFR": "Rio Frio",
  "RGA": "Rio Grande",
  "RGI": "Rangiroa Island",
  "RGL": "Rio Gallegos",
  "RGN": "Yangon",
  "RGR": "Ranger",
  "RHE": "Reims",
  "RHI": "Rhinelander",
  "RHN": "Rosh Pina",
  "RHO": "Rhodes",
  "RIA": "Santa Maria",
  "RIC": "Richmond",
  "RIF": "Richfield",
  "RIG": "Rio Grande",
  "RIL": "Rifle",
  "RIO": "Rio De Janeiro",
  "RIW": "Riverton",
  "RIX": "Riga",
  "RIY": "Riyan",
  "RJA": "Rajahmundry",
  "RJK": "Rijeka",
  "RJL": "Logrono",
  "RKC": "Yreka",
  "RKD": "Rockland",
  "RKE": "Roskilde",
  "RKH": "Rock Hill",
  "RKP": "Rockport",
  "RKS": "Rock Springs",
  "RKT": "Ras Al Khaimah",
  "RLA": "Rolla",
  "RLD": "Richland",
  "RLG": "Rostock Laage",
  "RMA": "Roma",
  "RME": "Rome",
  "RMF": "Marsa Alam",
  "RMG": "Rome",
  "RMI": "Rimini",
  "RMK": "Renmark",
  "RMS": "Ramstein",
  "RNB": "Ronneby",
  "RNE": "Roanne",
  "RNH": "New Richmond",
  "RNN": "Bornholm",
  "RNO": "Reno",
  "RNS": "Rennes",
  "RNT": "Renton",
  "ROA": "Roanoke",
  "ROC": "Rochester",
  "ROG": "Rogers",
  "ROI": "Roi Et",
  "ROK": "Rockhampton",
  "ROM": "Rome",
  "RON": "Rondon",
  "ROO": "Rondonopolis",
  "ROP": "Rota",
  "ROR": "Koror",
  "ROS": "Rosario",
  "ROT": "Rotorua",
  "ROV": "Rostov",
  "ROW": "Roswell",
  "RPN": "Rosh Pina",
  "RPR": "Raipur",
  "RRG": "Rodrigues Island",
  "RRO": "Sorrento",
  "RRS": "Roros",
  "RSA": "Santa Rosa",
  "RSD": "Rock Sound",
  "RSH": "Russian Mission",
  "RSN": "Ruston",
  "RST": "Rochester",
  "RSU": "Yeosu",
  "RTB": "Roatan",
  "RTM": "Rotterdam",
  "RTN": "Raton",
  "RTS": "Rottnest",
  "RTW": "Saratov",
  "RU": "Orsk",
  "RUH": "Riyadh",
  "RUI": "Ruidoso",
  "RUN": "Reunion Island",
  "RUT": "Rutland",
  "RUY": "Copan",
  "RVK": "Roervik",
  "RVN": "Rovaniemi",
  "RVR": "Green River",
  "RVT": "Ravensthorpe",
  "RWI": "Rocky Mount",
  "RWL": "Rawlins",
  "RWN": "Rovno",
  "RWS": "Sumare",
  "RXS": "Roxas City",
  "RYB": "Rybinsk Staroselye",
  "RZE": "Rzeszow",
  "RZN": "Ryazan",
  "RZZ": "Roanoke Rapids",
  "SAB": "Saba Island",
  "SAC": "Sacramento",
  "SAF": "Santa Fe",
  "SAH": "Sanaa",
  "SAK": "Saudarkrokur",
  "SAL": "San Salvador",
  "SAM": "Salamo",
  "SAN": "San Diego",
  "SAO": "Sao Paulo",
  "SAP": "San Pedro Sula",
  "SAR": "Sparta",
  "SAT": "San Antonio",
  "SAV": "Savannah",
  "SAY": "Siena",
  "SAZ": "Sasstown",
  "SBA": "Santa Barbara",
  "SBH": "St Barthelemy",
  "SBK": "St Brieuc",
  "SBM": "Sheboygan",
  "SBN": "South Bend",
  "SBS": "Steamboat Springs",
  "SBT": "San Bernardino",
  "SBU": "Springbok",
  "SBW": "Sibu",
  "SBY": "Salisbury Ocean City",
  "SBZ": "Sibiu",
  "SCC": "Prudhoe Bay Deadhorse",
  "SCE": "State College",
  "SCF": "Scottsdale",
  "SCH": "Schenectady",
  "SCI": "San Crystobal",
  "SCK": "Stockton",
  "SCL": "Santiago",
  "SCN": "Saarbruecken",
  "SCO": "Aktau",
  "SCQ": "Santiago De Compostela",
  "SCU": "Santiago",
  "SCV": "Suceava",
  "SCW": "Syktyvkar",
  "SCX": "Salina Cruz",
  "SCY": "San Cristobal",
  "SDB": "Saldanha Bay",
  "SDE": "Santiago Del Estero",
  "SDF": "Louisville",
  "SDJ": "Sendai",
  "SDK": "Sandakan",
  "SDL": "Sundsvall",
  "SDN": "Sandane",
  "SDP": "Sand Point",
  "SDQ": "Santo Domingo",
  "SDR": "Santander",
  "SDX": "Sedona",
  "SDY": "Sidney",
  "SDZ": "Shetland Islands Area",
  "SEA": "Seattle",
  "SEF": "Sebring",
  "SEL": "Seoul",
  "SEN": "Southend",
  "SEP": "Stephenville",
  "SEW": "Siwa",
  "SEY": "Selibaby",
  "SEZ": "Mahe Island",
  "SFA": "Sfax",
  "SFB": "Sanford",
  "SFD": "San Fernando De Apure",
  "SFE": "San Fernando",
  "SFG": "St Martin",
  "SFH": "San Felipe",
  "SFJ": "Kangerlussuaq",
  "SFL": "Sao Filipe",
  "SFM": "Sanford",
  "SFN": "Santa Fe",
  "SFO": "San Francisco",
  "SFQ": "Sanli Urfa",
  "SFS": "Subic Bay",
  "SFT": "Skelleftea",
  "SFX": "San Felix",
  "SFY": "Springfield",
  "SFZ": "Smithfield",
  "SGC": "Surgut",
  "SGD": "Sonderborg",
  "SGE": "Siegen",
  "SGF": "Springfield",
  "SGN": "Ho Chi Minh City",
  "SGO": "St George",
  "SGR": "Sugar Land",
  "SGT": "Stuttgart",
  "SGU": "St George",
  "SGY": "Skagway",
  "SHA": "Shanghai",
  "SHB": "Nakashibetsu",
  "SHD": "Staunton",
  "SHE": "Shenyang",
  "SHO": "Sokcho",
  "SHP": "Qinhuangdao",
  "SHR": "Sheridan",
  "SHS": "Shashi",
  "SHT": "Shepparton",
  "SHV": "Shreveport",
  "SHW": "Sharurah",
  "SHY": "Shinyanga",
  "SIA": "Xi An",
  "SIC": "Sinop",
  "SID": "Sal Island",
  "SIG": "Isla Grande",
  "SIN": "Singapore",
  "SIP": "Simferopol",
  "SIR": "Sion",
  "SIT": "Sitka",
  "SIX": "Singleton",
  "SJC": "San Jose",
  "SJD": "San Jose Cabo",
  "SJF": "St John",
  "SJJ": "Sarajevo",
  "SJK": "Sao Jose Dos Campos",
  "SJO": "San Jose",
  "SJP": "Sao Jose Do Rio Preto",
  "SJT": "San Angelo",
  "SJU": "San Juan",
  "SJW": "Shijiazhuang",
  "SJY": "Seinajoki",
  "SJZ": "Sao Jorge Island",
  "SKB": "St Kitts",
  "SKD": "Samarkand",
  "SKE": "Skien",
  "SKG": "Thessaloniki",
  "SKL": "Isle Of Skye Hebrides Islands",
  "SKN": "Stokmarknes",
  "SKP": "Skopje",
  "SKS": "Skrydstrup",
  "SKT": "Sialkot",
  "SKU": "Skiros",
  "SKX": "Saransk",
  "SKY": "Sandusky",
  "SLA": "Salta",
  "SLC": "Salt Lake City",
  "SLD": "Sliac",
  "SLE": "Salem",
  "SLK": "Saranac Lake",
  "SLL": "Salalah",
  "SLM": "Salamanca",
  "SLN": "Salina",
  "SLP": "San Luis Potosi",
  "SLT": "Salida",
  "SLU": "St Lucia",
  "SLV": "Simla",
  "SLW": "Saltillo",
  "SLY": "Salekhard",
  "SLZ": "Sao Luiz",
  "SMA": "Santa Maria",
  "SME": "Somerset",
  "SMI": "Samos",
  "SML": "Stella Maris",
  "SMP": "Stockholm",
  "SMR": "Santa Marta",
  "SMS": "Saint Marie",
  "SMV": "St Moritz",
  "SMX": "Santa Maria",
  "SN": "Sunyani",
  "SNA": "Santa Ana",
  "SNE": "Sao Nicolau",
  "SNF": "San Felipe",
  "SNH": "Stanthorpe",
  "SNI": "Sinoe",
  "SNL": "Shawnee",
  "SNN": "Shannon",
  "SNO": "Sakon Nakhon",
  "SNQ": "San Quintin",
  "SNR": "St Nazaire",
  "SNS": "Salinas",
  "SNU": "Santa Clara",
  "SNY": "Sidney",
  "SOB": "Saarmelleek",
  "SOC": "Solo",
  "SOD": "Sorocaba",
  "SOF": "Sofia",
  "SOG": "Sogndal",
  "SOI": "South Molle",
  "SOM": "San Tome",
  "SON": "Espiritu Santo",
  "SOO": "Soderhamn",
  "SOP": "Pinehurst",
  "SOQ": "Sorong",
  "SOU": "Southampton",
  "SOV": "Seldovia",
  "SOW": "Show Low",
  "SOY": "Stronsay",
  "SPC": "Santa Cruz",
  "SPF": "Spearfish",
  "SPG": "St Petersburg",
  "SPI": "Springfield",
  "SPJ": "Sparta",
  "SPK": "Sapporo",
  "SPM": "Spangdahlem",
  "SPN": "Saipan",
  "SPR": "San Pedro",
  "SPS": "Wichita Falls",
  "SPU": "Split",
  "SPW": "Spencer",
  "SPZ": "Springdale",
  "SQA": "Santa Ynez",
  "SQH": "Son La",
  "SQI": "Sterling",
  "SQL": "San Carlos",
  "SQO": "Storuman",
  "SRE": "Sucre",
  "SRG": "Semarang",
  "SRL": "Santa Rosalia",
  "SRN": "Strahan",
  "SRP": "Stord",
  "SRQ": "Sarasota",
  "SRU": "Santa Cruz",
  "SRZ": "Santa Cruz",
  "SSA": "Salvador",
  "SSG": "Malabo",
  "SSH": "Sharm El Sheik",
  "SSI": "St Simons Is",
  "SSJ": "Sandnessjoen",
  "SSM": "Sault Ste Marie",
  "SSQ": "La Sarre",
  "SSX": "Samsun",
  "SSZ": "Santos",
  "STB": "Santa Barbara",
  "STC": "Saint Cloud",
  "STD": "Santo Domingo",
  "STE": "Stevens Point",
  "STI": "Santiago",
  "STJ": "St Joseph",
  "STL": "St Louis",
  "STM": "Santarem",
  "STO": "Stockholm",
  "STP": "St Paul",
  "STR": "Stuttgart",
  "STS": "Santa Rosa",
  "STT": "St Thomas",
  "STW": "Stavropol",
  "STX": "St Croix",
  "STY": "Salto",
  "SUA": "Stuart",
  "SUB": "Surabaya",
  "SUE": "Sturgeon Bay",
  "SUF": "Lamezia Terme",
  "SUH": "Sur Om",
  "SUM": "Sumter",
  "SUN": "Sun Valley",
  "SUU": "Fairfield",
  "SUV": "Suva",
  "SUW": "Superior",
  "SUX": "Sioux City",
  "SVB": "Sambava",
  "SVC": "Silver City",
  "SVD": "St Vincent",
  "SVG": "Stavanger",
  "SVH": "Statesville",
  "SVJ": "Svolvaer",
  "SVL": "Savonlinna",
  "SVQ": "Sevilla",
  "SVU": "Savusavu",
  "SVX": "Ekaterinburg",
  "SVZ": "San Antonio",
  "SWA": "Shantou",
  "SWD": "Seward",
  "SWF": "Newburgh",
  "SWH": "Swan Hill",
  "SWI": "Swindon",
  "SWO": "Stillwater",
  "SWS": "Swansea",
  "SWT": "Strezhevoy Airport",
  "SWU": "Su Won",
  "SXB": "Strasbourg",
  "SXE": "Sale",
  "SXL": "Sligo",
  "SXM": "St Maarten",
  "SXR": "Srinagar",
  "SXZ": "Siirt Airport",
  "SYD": "Sydney",
  "SYO": "Shonai",
  "SYR": "Syracuse",
  "SYX": "Sanya",
  "SYY": "Stornoway",
  "SYZ": "Shiraz",
  "SZC": "Santa Cruz",
  "SZD": "Sheffield",
  "SZG": "Salzburg",
  "SZJ": "Siguanea",
  "SZK": "Skukuza",
  "SZO": "Shanzhou",
  "SZP": "Santa Paula",
  "SZR": "Stara Zagora",
  "SZT": "San Cristobal De Las Casas",
  "SZV": "Suzhou",
  "SZX": "Shenzhen",
  "SZY": "Szymany",
  "SZZ": "Szczecin",
  "TAB": "Tobago",
  "TAC": "Tacloban",
  "TAE": "Daegu",
  "TAG": "Tagbilaran",
  "TAH": "Tanna",
  "TAK": "Takamatsu",
  "TAL": "Tanana",
  "TAM": "Tampico",
  "TAO": "Qingdao",
  "TAP": "Tapachula",
  "TAR": "Taranto",
  "TAS": "Tashkent",
  "TAT": "Poprad Tatry",
  "TAY": "Tartu",
  "TAZ": "Dashoguz",
  "TBB": "Tuy Hoa",
  "TBG": "Tububil",
  "TBJ": "Tabarka",
  "TBN": "Ft Leonard Wood",
  "TBO": "Tabora",
  "TBP": "Tumbes",
  "TBS": "Tbilisi",
  "TBT": "Tabatinga",
  "TBU": "Nuku Alofa",
  "TBW": "Tambov",
  "TBZ": "Tabriz",
  "TCA": "Tennant Creek",
  "TCB": "Treasure Cay",
  "TCE": "Tulcea",
  "TCI": "Tenerife",
  "TCL": "Tuscaloosa",
  "TCN": "Tehuacan",
  "TCP": "Taba",
  "TCR": "Tuticorin",
  "TCU": "Thaba Nchu",
  "TCW": "Tocumwal",
  "TDD": "Trinidad",
  "TDK": "Taldy Kurgan",
  "TDL": "Tandil",
  "TDX": "Trat",
  "TEA": "Tela",
  "TEB": "Teterboro",
  "TEC": "Telemaco Borba",
  "TED": "Thisted",
  "TEN": "Tongren",
  "TEQ": "Corlu",
  "TER": "Terceira",
  "TET": "Tete",
  "TEU": "Te Anau",
  "TEX": "Telluride",
  "TFF": "Tefe",
  "TGD": "Podgorica",
  "TGG": "Kuala Terengganu",
  "TGM": "Tirgu Mures",
  "TGN": "Traralgon",
  "TGO": "Tongliao",
  "TGT": "Tanga",
  "TGU": "Tegucigalpa",
  "TGZ": "Tuxtla Gutierrez",
  "THA": "Tullahoma",
  "THC": "Tchien",
  "THE": "Teresina",
  "THG": "Thangool",
  "THN": "Trollhattan",
  "THP": "Thermopolis",
  "THR": "Teheran",
  "THS": "Sukhothai",
  "THV": "York",
  "TIA": "Tirana",
  "TIF": "Taif",
  "TIG": "Tingwon",
  "TIH": "Tikehau",
  "TIJ": "Tijuana",
  "TIM": "Timika",
  "TIP": "Tripoli",
  "TIQ": "Tinian",
  "TIR": "Tirupati",
  "TIS": "Thursday Island",
  "TIU": "Timaru",
  "TIV": "Tivat",
  "TIW": "Tacoma",
  "TIX": "Titusville",
  "TIZ": "Tari",
  "TJA": "Tarija",
  "TJK": "TOKAT HAVALIMANI",
  "TJM": "Tyumen",
  "TJQ": "Tanjung Pandan",
  "TKF": "Truckee",
  "TKG": "Bandar Lampung",
  "TKJ": "Tok Ak",
  "TKK": "Truk",
  "TKM": "Tikal",
  "TKN": "Tokunoshima",
  "TKQ": "Kigoma",
  "TKS": "Tokushima",
  "TKU": "Turku",
  "TLC": "Toluca",
  "TLD": "Tuli Block",
  "TLE": "Tulear",
  "TLH": "Tallahassee",
  "TLL": "Tallinn",
  "TLM": "Tlemcen",
  "TLN": "Toulon",
  "TLR": "Tulare",
  "TLS": "Toulouse",
  "TLV": "Tel Aviv",
  "TMA": "Tifton",
  "TMG": "Tomanggong",
  "TML": "Tamale",
  "TMM": "Tamatave",
  "TMP": "Tampere",
  "TMS": "Sao Tome Is",
  "TMT": "Trombetas",
  "TMU": "Tambor",
  "TMW": "Tamworth",
  "TMZ": "Thames",
  "TNA": "Jinan",
  "TND": "Trinidad",
  "TNE": "Tanega Shima",
  "TNF": "Toussus Le Noble",
  "TNG": "Tangier",
  "TNN": "Tainan",
  "TNO": "Tamarindo",
  "TNR": "Tananarive",
  "TNU": "Newton",
  "TOB": "Tobruk",
  "TOD": "Tioman",
  "TOE": "Tozeur",
  "TOF": "Tomsk",
  "TOG": "Togiak",
  "TOH": "Torres",
  "TOL": "Toledo",
  "TOP": "Topeka",
  "TOR": "Torrington",
  "TOS": "Tromso",
  "TOV": "Tortola Westend",
  "TOW": "Toledo",
  "TOX": "Tobolsk",
  "TOY": "Toyama",
  "TPA": "Tampa",
  "TPE": "Taipei",
  "TPH": "Tonopah",
  "TPL": "Temple",
  "TPQ": "Tepic",
  "TPR": "Tom Price",
  "TPS": "Trapani",
  "TQR": "San Domino Island",
  "TRC": "Torreon",
  "TRD": "Trondheim",
  "TRE": "Tiree",
  "TRG": "Tauranga",
  "TRI": "Bristol",
  "TRK": "Tarakan",
  "TRL": "Terrell",
  "TRN": "Turin",
  "TRO": "Taree",
  "TRS": "Trieste",
  "TRU": "Trujillo",
  "TRV": "Thiruvananthapuram",
  "TRW": "Tarawa",
  "TRZ": "Tiruchirappali",
  "TSE": "Astana",
  "TSF": "Treviso",
  "TSJ": "Tsushima",
  "TSM": "Taos",
  "TSN": "Tianjin",
  "TSR": "Timisoara",
  "TST": "Trang",
  "TSV": "Townsville",
  "TTB": "Tortoli",
  "TTD": "Troutdale",
  "TTJ": "Tottori",
  "TTN": "Trenton",
  "TTQ": "Tortuquero",
  "TTT": "Taitung",
  "TUC": "Tucuman",
  "TUF": "Tours",
  "TUG": "Tuguegarao",
  "TUI": "Turaif",
  "TUK": "Turbat",
  "TUL": "Tulsa",
  "TUN": "Tunis",
  "TUO": "Taupo",
  "TUP": "Tupelo",
  "TUR": "Tucurui",
  "TUS": "Tucson",
  "TUU": "Tabuk",
  "TUY": "Tulum",
  "TVC": "Traverse City",
  "TVF": "Thief River Falls",
  "TVL": "Lake Tahoe",
  "TVU": "Taveuni",
  "TWA": "Twin Hills",
  "TWB": "Toowoomba",
  "TWF": "Twin Falls",
  "TWU": "Tawau",
  "TXG": "Taichung",
  "TXK": "Texarkana",
  "TXN": "Tunxi",
  "TYD": "Tynda Airport",
  "TYN": "Taiyuan",
  "TYO": "Tokyo",
  "TYR": "Tyler",
  "TYS": "Knoxville",
  "TZL": "Tuzla",
  "TZN": "South Andros",
  "TZX": "Trabzon",
  "UAC": "San Luis Rio Colorado",
  "UAK": "Narsarsuaq",
  "UAQ": "San Juan",
  "UAS": "Samburu",
  "UBA": "Uberaba",
  "UBJ": "Ube Jp",
  "UBP": "Ubon Ratchathani",
  "UBS": "Columbus",
  "UCA": "Utica",
  "UCK": "Lutsk",
  "UCT": "Ukhta Airport",
  "UDD": "Palm Desert",
  "UDE": "Uden",
  "UDI": "Uberlandia",
  "UDJ": "Uzhhorod International Airport",
  "UDN": "Udine",
  "UDR": "Udaipur",
  "UEE": "Queenstown",
  "UEO": "Kume Jima",
  "UFA": "Ufa RU",
  "UGC": "Urgench",
  "UGN": "Waukegan",
  "UHE": "Uherske Hradiste",
  "UIH": "Qui Nhon",
  "UII": "Utila",
  "UIK": "Ust-Ilimsk Airport",
  "UIN": "Quincy",
  "UIO": "Quito",
  "UIP": "Quimper",
  "UIR": "Quirindi",
  "UKB": "Kobe",
  "UKI": "Ukiah",
  "UKK": "Ust Kamenogorsk",
  "UKS": "Sevastopol",
  "UKT": "Quakertown",
  "UKX": "Ust-Kut Airport",
  "UKY": "Kyoto",
  "ULM": "New Ulm",
  "ULN": "Ulaanbaatar",
  "ULP": "Quilpie",
  "ULV": "Baratayeveka",
  "ULY": "Ulyanovsk",
  "UME": "Umea",
  "UMU": "Umuarama",
  "UMY": "Sumy",
  "UNA": "Una BR",
  "UNI": "Union Island",
  "UNK": "Unalakleet",
  "UNN": "Ranong",
  "UNT": "Unst",
  "UOX": "University Oxford",
  "UPG": "Ujung Pandang",
  "UPN": "Uruapan",
  "URA": "Uralsk",
  "URC": "Urumqi",
  "URE": "Kuressaare",
  "URG": "Uruguaina",
  "URJ": "Urai Airport",
  "URO": "Rouen",
  "URS": "Kursk",
  "URT": "Surat Thani",
  "URY": "Gurayat",
  "USH": "Ushuaia",
  "USK": "Usinsk",
  "USL": "Useless Loop",
  "USM": "Koh Samui",
  "USN": "Ulsan",
  "USQ": "Usak",
  "USS": "Sancti Spiritus",
  "UST": "St Augustine",
  "UTA": "Mutare",
  "UTC": "Utrecht",
  "UTH": "Udon Thani",
  "UTN": "Upington",
  "UTP": "U Tapao",
  "UTT": "Umtata",
  "UTW": "Queenstown",
  "UUA": "Bugulma Airport",
  "UUD": "Ulan Ude",
  "UUS": "Yuzhno Sakhalinsk",
  "UVA": "Uvalde",
  "UVF": "Vieux Fort St Lucia",
  "UVL": "Kharga",
  "UWE": "Wiesbaden",
  "UYL": "Nyala",
  "VAA": "Vaasa",
  "VAF": "Valence",
  "VAG": "Varginha",
  "VAI": "Vanimo",
  "VAN": "Van TR",
  "VAR": "Varna",
  "VAS": "Sivas",
  "VAV": "Vava U",
  "VAW": "Vardoe",
  "VBY": "Visby",
  "VCA": "Can Tho",
  "VCE": "Venice",
  "VCL": "Tamky",
  "VCT": "Victoria",
  "VCV": "Victorville",
  "VDA": "Ovda",
  "VDB": "Fagernes",
  "VDC": "Vitoria Da Conquista",
  "VDE": "Valverde",
  "VDI": "Vidalia",
  "VDM": "Viedma",
  "VDS": "Vadso",
  "VDZ": "Valdez",
  "VEJ": "Vejle",
  "VEL": "Vernal",
  "VER": "Veracruz",
  "VEY": "Vestmannaeyjar",
  "VFA": "Victoria Falls",
  "VGA": "Vijayawada",
  "VGD": "Vologda",
  "VGO": "Vigo",
  "VHM": "Vilhelmina",
  "VHN": "Van Horn",
  "VHY": "Vichy",
  "VIB": "Villa Constitucion",
  "VIC": "Vicenza",
  "VIE": "Vienna",
  "VIF": "Vieste",
  "VIG": "El Vigia",
  "VII": "Vinh City",
  "VIJ": "Virgin Gorda",
  "VIL": "Dakhla",
  "VIN": "Vinnitsa",
  "VIS": "Visalia",
  "VIT": "Vitoria",
  "VIX": "Vitoria",
  "VJI": "Abingdon",
  "VKG": "Rach Gia",
  "VKS": "Vicksburg",
  "VKT": "Vorkuta",
  "VLC": "Valencia",
  "VLD": "Valdosta",
  "VLG": "Villa Gesell",
  "VLI": "Port Vila",
  "VLL": "Valladolid",
  "VLN": "Valencia",
  "VLO": "Vallejo",
  "VLU": "Velikiye Luki Airport",
  "VLV": "Valera",
  "VLY": "Anglesey",
  "VME": "Villa Mercedes",
  "VMI": "Vallemi",
  "VNC": "Venice",
  "VNE": "Vannes",
  "VNO": "Vilnius",
  "VNS": "Varanasi",
  "VNT": "Ventspils",
  "VNX": "Vilanculos",
  "VOG": "Volgograd",
  "VOL": "Volos",
  "VOZ": "Voronezh",
  "VPS": "Valparaiso",
  "VPZ": "Valparaiso",
  "VQS": "Vieques",
  "VRA": "Varadero",
  "VRB": "Vero Beach",
  "VRK": "Varkaus",
  "VRL": "Vila Real",
  "VRN": "Verona",
  "VRO": "Matanzas",
  "VSA": "Villahermosa",
  "VSE": "Viseu",
  "VSG": "Lugansk",
  "VST": "Vasteras",
  "VTB": "Vitebsk",
  "VTE": "Vientiane",
  "VTZ": "Vishakhapatanam",
  "VUP": "Valleduper",
  "VUS": "Velikiy Ustyug Airport",
  "VVO": "Vladivostok",
  "VXE": "Sao Vicente",
  "VXO": "Vaxjo",
  "VYD": "Vryheid",
  "VYS": "Peru",
  "WAG": "Wanganui",
  "WAL": "Chincoteague",
  "WAS": "Washington",
  "WAT": "Waterford",
  "WAW": "Warsaw",
  "WAY": "Waynesburg",
  "WAZ": "Warwick",
  "WBU": "Boulder",
  "WDG": "Enid",
  "WDH": "Windhoek",
  "WEA": "Weatherford",
  "WEF": "Weifang",
  "WEH": "Weihai",
  "WEI": "Weipa",
  "WEL": "Welkom",
  "WEW": "Wee Waa",
  "WEX": "Wexford",
  "WGA": "Wagga Wagga",
  "WGE": "Walgett",
  "WGO": "Winchester",
  "WGT": "Wangaratta",
  "WHK": "Whakatane",
  "WHL": "Welshpool",
  "WIC": "Wick",
  "WJF": "Lancaster",
  "WKA": "Wanaka",
  "WKJ": "Wakkanai",
  "WLD": "Winfield",
  "WLG": "Wellington",
  "WLK": "Selawik",
  "WMB": "Warrnambool",
  "WMC": "Winnemucca",
  "WMH": "Mountain Home",
  "WMI": "Warsaw-Modlin Mazovia Airport",
  "WNP": "Naga",
  "WNR": "Windorah",
  "WNS": "Nawabshah",
  "WNZ": "Wenzhou",
  "WOL": "Wollongong",
  "WPA": "Puerto Aisen",
  "WRE": "Whangarei",
  "WRG": "Wrangell",
  "WRL": "Worland",
  "WRO": "Wroclaw",
  "WRY": "Westray",
  "WST": "Westerly",
  "WSY": "Airlie Beach",
  "WSZ": "Westport",
  "WUH": "Wuhan",
  "WUN": "Wiluna",
  "WUS": "Wuyishan",
  "WUU": "Wau City",
  "WUX": "Wuxi",
  "WVB": "Walvis Bay",
  "WVI": "Watsonville",
  "WVL": "Waterville",
  "WVN": "Wilhelmshaven",
  "WWD": "Cape May",
  "WWK": "Wewak",
  "WWR": "Woodward",
  "WWT": "Newtok",
  "WXF": "Braintree",
  "WXN": "Wanxian",
  "WYA": "Whyalla",
  "WYN": "Wyndham",
  "WYS": "West Yellowstone",
  "XAL": "Alamos",
  "XAP": "Chapeco",
  "XAW": "Capreol",
  "XAZ": "Campbellton",
  "XBR": "Brockville",
  "XBW": "Killineq",
  "XCH": "Christmas Island",
  "XCI": "Chambord",
  "XCM": "Chatham",
  "XCO": "Colac",
  "XDK": "Dunkerque",
  "XDL": "Chandler",
  "XDM": "Drummondville",
  "XDO": "Grande Riviere",
  "XDU": "Hervey",
  "XED": "Disneyland Paris Rail",
  "XEE": "Lac Edouard",
  "XEH": "Ladysmith",
  "XEJ": "Langford",
  "XEK": "Melville",
  "XEL": "New Carlisle",
  "XEM": "New Richmond",
  "XFD": "Stratford",
  "XFE": "Parent",
  "XFG": "Perce",
  "XFI": "Port Daniel",
  "XFK": "Senneterre",
  "XFL": "Shawinigan",
  "XFM": "Shawnigan",
  "XFN": "Xiangfan",
  "XFO": "Taschereau",
  "XFQ": "Weymont",
  "XFS": "Alexandria",
  "XFV": "Brantford",
  "XGC": "Lund C",
  "XGJ": "Cobourg",
  "XGK": "Coteau",
  "XGR": "Kangiqsualujjuaq",
  "XGW": "Gananoque",
  "XGY": "Grimsby",
  "XHF": "Honefoss",
  "XHM": "Georgetown",
  "XHQ": "Hopa",
  "XHS": "Chemainus",
  "XIA": "Guelph",
  "XIB": "Ingersoll",
  "XIC": "Xichang",
  "XID": "Maxville",
  "XIF": "Napanee",
  "XII": "Prescott",
  "XIM": "Saint Hyacinthe",
  "XIO": "St Marys",
  "XIP": "Woodstock",
  "XJL": "Joliette",
  "XJQ": "Jonquiere",
  "XKH": "Xieng Khouang",
  "XKJ": "Steinkjer",
  "XKV": "Sackville",
  "XLP": "Matapedia",
  "XLV": "Niagara Falls",
  "XLY": "Aldershot",
  "XLZ": "Truro",
  "XMB": "M\\'Bahiakro",
  "XMN": "Xiamen",
  "XMY": "Yam Island",
  "XNM": "Nottingham",
  "XNN": "Xining",
  "XNT": "Xingtai",
  "XOK": "Oakville",
  "XON": "Carleton",
  "XOR": "Otta",
  "XPB": "Parksville",
  "XPH": "Port Hope",
  "XPK": "Pukatawagan",
  "XPL": "Comayagua",
  "XPN": "Brampton",
  "XPT": "Preston",
  "XPX": "Pointe Aux Trembles",
  "XQG": "Berwick Upon Tweed",
  "XQP": "Quepos",
  "XQU": "Qualicum",
  "XRD": "Egersund",
  "XRG": "Rugeley",
  "XRP": "Riviere A Pierre",
  "XRU": "Rugby",
  "XRY": "Jerez De La Frontera",
  "XSC": "South Caicos",
  "XSR": "Salisbury",
  "XSS": "Soissons",
  "XTG": "Thargomindah",
  "XTY": "Strathroy",
  "XUG": "Holmestrand",
  "XUZ": "Xuzhou",
  "XVA": "Stockport",
  "XVH": "Peterborough",
  "XVJ": "Stevenage",
  "XVV": "Belleville",
  "XVW": "Wolverhampton",
  "XWA": "Watford",
  "XWD": "Wakefield Westgate",
  "XWF": "Falun",
  "XWH": "Stoke On Trent",
  "XWV": "Varberg",
  "XWY": "Wyoming",
  "XXA": "Alvesta",
  "XXD": "Degerfors",
  "XXL": "Lille Hammer",
  "XXM": "Mjolby",
  "XYN": "Kristinehamn",
  "XYP": "Avesta Krylbo",
  "XYY": "Arvika",
  "XYZ": "Harnosand",
  "XZB": "Casselman",
  "XZC": "Glencoe",
  "XZD": "Kongsvinger",
  "XZJ": "Rail",
  "XZK": "Amherst",
  "XZP": "Pass",
  "YAG": "Fort Frances",
  "YAK": "Yakutat",
  "YAM": "Sault Ste Marie",
  "YAO": "Yaounde",
  "YAP": "Yap Fm",
  "YAT": "Attawapiskat",
  "YAY": "St Anthony",
  "YAZ": "Tofino",
  "YBA": "Banff",
  "YBB": "Pelly Bay",
  "YBC": "Baie Comeau",
  "YBD": "New Westminster",
  "YBG": "Bagotville",
  "YBK": "Baker Lake",
  "YBL": "Campbell River",
  "YBP": "Yibin",
  "YBR": "Brandon",
  "YBW": "Bedwell Harbor",
  "YBX": "Blanc Sablon",
  "YCA": "Courtenay",
  "YCB": "Cambridge Bay",
  "YCC": "Cornwall",
  "YCD": "Nanaimo",
  "YCG": "Castlegar",
  "YCH": "Miramichi",
  "YCK": "Colville",
  "YCL": "Charlo",
  "YCM": "St Catherines",
  "YCN": "Cochrane",
  "YCO": "Kugluktuk Coppermine",
  "YCS": "Chesterfield Inlet",
  "YCU": "Yun Cheng",
  "YCW": "Chilliwack",
  "YCY": "Clyde River",
  "YCZ": "Fairmont Springs",
  "YDA": "Dawson City",
  "YDF": "Deer Lake",
  "YDL": "Dease Lake",
  "YDN": "Dauphin",
  "YDP": "Nain",
  "YDQ": "Dawson Creek",
  "YEA": "Edmonton",
  "YEB": "Bar River",
  "YEH": "Asaloyeh",
  "YEK": "Arviat",
  "YEL": "Elliot Lake",
  "YEN": "Estevan",
  "YER": "Fort Severn",
  "YET": "Edson",
  "YEV": "Inuvik",
  "YEY": "Amos",
  "YFB": "Iqaluit",
  "YFC": "Fredericton",
  "YFO": "Flin Flon",
  "YFX": "Fox Harbour",
  "YGJ": "Yonago",
  "YGK": "Kingston",
  "YGL": "La Grande",
  "YGP": "Gaspe",
  "YGR": "Iles De Madeleine",
  "YGT": "Igloolik",
  "YGV": "Havre St Pierre",
  "YGW": "Poste De La Baleine",
  "YGX": "Gillam",
  "YHA": "Port Hope Simpson",
  "YHB": "Hudson Bay",
  "YHD": "Dryden",
  "YHE": "Hope",
  "YHF": "Hearst",
  "YHG": "Charlottetown",
  "YHK": "Gjoa Haven",
  "YHM": "Hamilton",
  "YHN": "Hornepayne",
  "YHO": "Hopedale",
  "YHR": "Chevery",
  "YHS": "Sechelt",
  "YHY": "Hay River",
  "YHZ": "Halifax",
  "YIB": "Atikokan",
  "YIF": "Pakuashipi",
  "YIH": "Yichang",
  "YIK": "Ivujivik",
  "YIO": "Pond Inlet",
  "YIW": "Yiwu",
  "YJA": "Jasper",
  "YJT": "Stephenville",
  "YKA": "Kamloops",
  "YKF": "Kitchener",
  "YKG": "Kangirsuk",
  "YKL": "Schefferville",
  "YKM": "Yakima",
  "YKN": "Yankton",
  "YKQ": "Waskaganish",
  "YKS": "Yakutsk",
  "YKU": "Chisasibi",
  "YKX": "Kirkland",
  "YLC": "Kimmirut Lake Harbour",
  "YLD": "Chapleau",
  "YLI": "Ylivieska",
  "YLJ": "Meadow Lake",
  "YLL": "Lloydminster",
  "YLQ": "La Tuque",
  "YLW": "Kelowna",
  "YLY": "Langley",
  "YMB": "Merritt",
  "YME": "Matane",
  "YMG": "Manitouwadge",
  "YMH": "Marys Harbour",
  "YMI": "Minaki",
  "YMM": "Ft McMurray",
  "YMN": "Makkovik",
  "YMO": "Moosonee",
  "YMQ": "Montreal",
  "YMT": "Chibougamau",
  "YNA": "Natashquan",
  "YNB": "Yanbo",
  "YND": "Gatineau Hull",
  "YNG": "Youngstown",
  "YNJ": "Yanji",
  "YNN": "Yandicoogina",
  "YNP": "Natuashish",
  "YNT": "Yantai",
  "YNZ": "Yancheng",
  "YOD": "Cold Lake",
  "YOJ": "High Level",
  "YOO": "Oshawa",
  "YOP": "Rainbow Lake",
  "YOS": "Owen Sound",
  "YOT": "Yotvata",
  "YOW": "Ottawa",
  "YPA": "Prince Albert",
  "YPB": "Port Alberni",
  "YPD": "Parry Sound",
  "YPE": "Peace River",
  "YPF": "Esquimalt",
  "YPG": "Portage La Prairie",
  "YPH": "Inukjuak",
  "YPJ": "Aupaluk",
  "YPL": "Pickle Lake",
  "YPM": "St Pierre",
  "YPN": "Port Menier",
  "YPQ": "Peterborough",
  "YPR": "Prince Rupert",
  "YPS": "Port Hawkesbury",
  "YPW": "Powell River",
  "YPX": "Puvirnituq",
  "YPZ": "Burns Lake",
  "YQA": "Muskoka",
  "YQB": "Quebec",
  "YQC": "Quaqtaq",
  "YQD": "The Pas",
  "YQG": "Windsor",
  "YQH": "Watson Lake",
  "YQI": "Yarmouth",
  "YQK": "Kenora",
  "YQL": "Lethbridge",
  "YQM": "Moncton",
  "YQN": "Nakina",
  "YQQ": "Comox",
  "YQR": "Regina",
  "YQS": "St Thomas",
  "YQT": "Thunder Bay",
  "YQU": "Grande Prairie",
  "YQV": "Yorkton",
  "YQW": "North Battleford",
  "YQX": "Gander",
  "YQY": "Sydney",
  "YQZ": "Quesnel",
  "YRB": "Resolute",
  "YRF": "Cartwright",
  "YRG": "Rigolet",
  "YRI": "Riviere Du Loup",
  "YRJ": "Roberval",
  "YRL": "Red Lake",
  "YRQ": "Trois Rivieres",
  "YRT": "Rankin Inlet",
  "YSB": "Sudbury",
  "YSC": "Sherbrooke",
  "YSH": "Smith Falls",
  "YSJ": "St John",
  "YSK": "Sanikiluaq",
  "YSL": "St Leonard",
  "YSM": "Ft Smith",
  "YSN": "Salmon Arm",
  "YSO": "Postville",
  "YSP": "Marathon",
  "YST": "St Theris Point",
  "YTA": "Pembroke",
  "YTD": "Thicket Portage",
  "YTE": "Cape Dorset",
  "YTF": "Alma",
  "YTH": "Thompson",
  "YTJ": "Terrace Bay",
  "YTL": "Big Trout",
  "YTM": "Mont Tremblant",
  "YTO": "Toronto",
  "YTQ": "Tasiujaq",
  "YTR": "Trenton",
  "YTS": "Timmins",
  "YUD": "Umiujaq",
  "YUM": "Yuma",
  "YUX": "Hall Beach",
  "YUY": "Rouyn Noranda",
  "YVA": "Moroni",
  "YVB": "Bonaventure",
  "YVE": "Vernon",
  "YVG": "Vermilion",
  "YVM": "Qikiqtarjuaq",
  "YVO": "Val D Or",
  "YVP": "Kuujjuaq",
  "YVQ": "Norman Wells",
  "YVR": "Vancouver",
  "YVZ": "Deer Lake",
  "YWB": "Kangiqsujuaq",
  "YWG": "Winnipeg",
  "YWK": "Wabush",
  "YWL": "Williams Lake",
  "YWR": "White River",
  "YWS": "Whistler",
  "YXC": "Cranbrook",
  "YXE": "Saskatoon",
  "YXH": "Medicine Hat",
  "YXJ": "Ft St John",
  "YXK": "Rimouski",
  "YXL": "Sioux Lookout",
  "YXN": "Whale Cove",
  "YXP": "Pangnirtung",
  "YXS": "Prince George",
  "YXT": "Terrace",
  "YXU": "London",
  "YXX": "Abbotsford",
  "YXY": "Whitehorse",
  "YXZ": "Wawa",
  "YYB": "North Bay",
  "YYC": "Calgary",
  "YYD": "Smithers",
  "YYE": "Fort Nelson",
  "YYF": "Penticton",
  "YYG": "Charlottetown",
  "YYH": "Taloyoak",
  "YYI": "Rivers",
  "YYJ": "Victoria",
  "YYL": "Lynn Lake",
  "YYN": "Swift Current",
  "YYQ": "Churchill",
  "YYR": "Goose Bay",
  "YYT": "St Johns",
  "YYU": "Kapuskasing",
  "YYW": "Armstromg",
  "YYY": "Mont Joli",
  "YZA": "Ashcroft",
  "YZF": "Yellowknife",
  "YZG": "Salluit",
  "YZP": "Sandspit",
  "YZR": "Sarnia",
  "YZS": "Coral Harbour",
  "YZT": "Port Hardy",
  "YZV": "Sept Iles",
  "YZX": "Greenwood",
  "YZZ": "Trail",
  "ZAD": "Zadar",
  "ZAG": "Zagreb",
  "ZAL": "Valdivia",
  "ZAO": "Cahors",
  "ZAZ": "Zaragoza",
  "ZBD": "Jiang Men",
  "ZBF": "Bathurst",
  "ZBL": "Biloela",
  "ZBM": "Bromont",
  "ZBW": "Atibaia",
  "ZBZ": "Xin Hui",
  "ZCL": "Zacatecas",
  "ZCO": "Temuco",
  "ZCU": "She Kou",
  "ZEC": "Secunda",
  "ZFI": "Chesterfield",
  "ZFV": "Philadelphia Rail Station",
  "ZGS": "Gethsemanie",
  "ZHA": "Zhangjiang",
  "ZHO": "Houston",
  "ZIG": "Ziguinchor",
  "ZIH": "Zihuatanejo",
  "ZJN": "Swan River",
  "ZKG": "Kegaska",
  "ZLO": "Manzanillo",
  "ZLT": "La Tabatiere",
  "ZNE": "Newman",
  "ZNQ": "Ingolstadt",
  "ZNZ": "Zanzibar",
  "ZOS": "Osorno",
  "ZPC": "Pucon",
  "ZPE": "Osnabruck",
  "ZPP": "Reutlingen",
  "ZQF": "Trier",
  "ZQN": "Queenstown",
  "ZQS": "Queen Charlotte Island",
  "ZQW": "Zweibruecken",
  "ZRH": "Zurich",
  "ZSA": "San Salvador",
  "ZSE": "St Pierre Dela Reunion",
  "ZSG": "Sonneberg",
  "ZSJ": "Sandy Lake",
  "ZSR": "Schwerin",
  "ZTB": "Tete A La Baleine",
  "ZTH": "Zakinthos",
  "ZUH": "Zhuhai",
  "ZUM": "Churchhill Falls",
  "ZVD": "Drangedal",
  "ZXO": "Fauske",
  "ZXU": "Rygge",
  "ZXX": "Rade",
  "ZYI": "Zunyi",
  "ZYL": "Sylhet",
  "ZYP": "New York Penn STN",
  "ZYV": "Vegarshei",
  "ZYW": "Sandvika",
  "ZYY": "Marnardal",
  "ZZV": "Zanesville",
  "QYG": "Railway Germany",
  "BZL": "Barisal",
  "CXB": "Cox\\'s Bazar",
  "JSR": "Jessore",
  "RJH": "Rajshahi",
  "SPD": "Saidpur Nilphamari",
  "STV": "Surat Magdalla",
  "CNN": "Kannur",
  "SAG": "Shirdi"
}